ID_FOR_CHECK,Locus,Chr_Build37,Build37_position,BXD1,BXD2,BXD6,BXD8,BXD9,BXD11,BXD12,BXD13,BXD14,BXD16,BXD18,BXD19,BXD21,BXD23,BXD27,BXD28,BXD29,BXD31,BXD32,BXD33,BXD34,BXD36,BXD40,BXD42
1,rs6269442,1,3482276,0,0,2,2,0,0,2,0,0,2,0,2,2,0,0,2,2,0,0,0,0,0,0,0
5,rs8236463,1,5579194,0,0,2,2,0,2,2,0,0,2,0,2,2,0,0,2,2,0,0,0,0,0,0,0
9,rs6360236,1,11073905,0,0,2,2,0,2,2,0,0,2,0,2,2,0,0,2,2,0,0,2,0,0,0,0
14,rs3655978,1,13373071,0,0,2,2,0,2,2,0,0,2,0,2,2,0,0,0,2,0,0,2,0,0,0,0
16,rs3669485,1,13975253,0,0,2,2,0,2,2,0,0,2,2,2,2,0,0,0,2,0,0,2,0,0,0,0
24,gnf01.013.065,1,16119467,0,0,2,2,0,2,2,0,2,2,2,2,2,0,0,0,2,0,0,2,0,0,0,0
30,rs3670611,1,20623898,2,0,2,2,0,2,2,0,2,2,2,2,2,0,0,0,2,0,0,2,0,0,0,0
31,rs6404446,1,20774307,2,0,2,2,0,2,2,0,0,2,2,2,2,0,0,0,2,0,0,2,0,0,0,0
33,rs6253968,1,21628545,2,0,2,2,0,2,2,0,0,2,2,2,2,0,2,0,2,0,0,2,0,0,0,0
37,rs6316488,1,23151888,2,0,2,2,0,2,2,0,0,2,2,2,2,0,2,0,2,0,0,2,0,0,0,2
45,rs13475772,1,25632283,2,0,2,2,0,2,2,0,0,2,2,2,2,0,0,0,2,0,0,2,0,0,0,2
49,rs6384194,1,29231426,2,0,2,2,0,0,2,0,0,2,2,2,2,0,0,0,2,0,0,2,0,0,0,2
53,CEL-1_31944599,1,31718480,2,0,2,2,0,0,2,0,0,2,2,2,2,0,0,0,2,0,0,2,0,2,0,2
55,rs13475795,1,32555265,2,0,2,2,0,0,2,0,0,0,2,2,2,0,0,0,2,0,0,2,0,2,0,2
61,rs13475810,1,36052584,2,0,2,2,0,0,2,0,0,0,2,2,2,0,0,2,2,0,0,2,0,2,0,2
63,UT_1_38.719268,1,38079088,2,0,2,2,0,0,2,0,0,2,2,2,2,0,0,2,2,0,0,2,0,2,0,2
69,rs13475821,1,39578772,2,0,2,2,0,0,2,0,0,2,2,2,2,0,0,0,2,0,0,2,0,2,0,2
70,rs13475827,1,40990938,2,0,2,2,0,0,2,0,0,2,2,2,2,0,0,0,2,0,0,2,0,0,0,2
76,D1Mit375,1,43500860,2,0,2,2,0,0,0,0,0,2,2,2,2,0,2,2,2,0,0,2,0,0,0,2
82,rs6370110,1,45566204,2,0,2,2,0,0,0,0,0,2,2,2,2,0,2,2,2,0,2,2,0,0,0,2
88,rs6386920,1,54152567,0,0,2,2,0,0,0,0,0,2,2,2,2,0,2,2,2,0,2,2,0,0,0,2
90,rs13475876,1,55184323,0,0,2,2,0,0,0,0,0,2,2,2,0,0,2,2,2,0,2,2,0,0,0,2
91,rs13475879,1,57882215,0,0,2,2,0,0,0,0,0,2,2,2,0,0,2,2,2,0,2,2,0,2,0,2
96,rs13475885,1,60700973,0,0,2,2,0,0,0,0,0,2,0,2,0,0,2,2,2,0,2,2,0,2,0,2
98,rs13475891,1,62750756,0,0,2,2,0,0,0,0,0,2,0,2,0,0,2,2,2,0,2,2,2,2,0,2
108,rs3722989,1,66762987,0,0,2,2,0,0,0,0,0,0,0,2,0,0,2,2,2,0,2,2,2,2,0,2
114,rs6312657,1,69048454,0,0,2,2,0,0,0,0,0,0,0,0,0,0,2,2,2,0,2,2,2,2,0,2
116,rs3687595,1,72735307,2,0,2,2,0,0,0,2,0,0,0,0,0,2,2,2,2,0,2,2,2,2,0,2
120,rs13475921,1,73464731,2,0,2,2,0,0,0,2,0,0,0,0,0,2,2,2,0,0,2,2,2,2,0,2
127,D1Mit216,1,79802769,0,0,2,2,0,0,0,2,0,0,2,0,0,2,2,2,0,0,2,2,2,2,2,2
128,mCV23431007,1,80322428,0,0,2,2,0,0,0,2,0,0,0,0,0,2,2,2,0,0,2,2,2,2,2,2
130,rs13475954,1,82901014,0,0,2,2,0,0,0,2,0,0,0,0,0,2,0,2,0,0,2,2,2,0,2,2
134,rs13475967,1,89386211,0,0,2,2,0,0,0,2,0,0,0,0,0,2,0,2,0,0,2,0,2,0,2,2
136,rs13475970,1,90246345,0,0,2,2,0,0,0,2,0,0,2,0,0,2,0,2,0,2,2,0,2,0,2,2
141,rs13475984,1,94608317,0,0,2,2,0,0,0,2,0,0,2,0,0,2,0,2,0,2,2,0,2,0,0,2
144,rs3692309,1,95148081,0,0,2,2,0,0,0,2,0,0,2,0,0,2,0,2,0,0,2,0,2,0,0,2
146,rs13475989,1,95906063,0,0,2,0,0,0,0,2,0,0,2,0,0,2,0,2,0,0,2,0,2,0,0,2
150,rs13475993,1,96873867,0,0,2,0,0,2,0,2,0,0,2,0,0,2,0,2,0,0,2,0,2,0,0,0
169,gnf01.107.327,1,109384693,0,0,2,0,0,2,0,2,0,2,2,0,0,2,0,2,0,0,2,0,2,0,0,0
173,rs13476045,1,110960852,0,0,2,0,0,2,0,2,0,2,2,0,0,2,0,2,2,0,2,0,2,0,0,0
181,gnf01.116.283,1,118454509,0,0,2,0,0,2,0,2,0,2,2,0,0,2,0,2,2,0,2,2,2,0,0,0
186,rs6302966,1,122017245,0,0,2,0,0,2,0,2,0,2,2,0,0,2,2,2,2,0,2,2,2,0,0,0
190,rs6189020,1,126516498,0,0,2,0,0,2,0,2,0,0,2,0,0,2,2,2,2,0,2,2,2,0,0,0
198,rs6263067,1,129064813,0,0,2,0,0,2,0,2,0,0,0,0,0,2,2,2,2,0,2,2,2,0,0,0
221,rs6202860,1,147391348,0,0,0,0,2,2,0,2,0,0,0,0,0,2,2,2,2,0,2,2,2,0,0,0
240,rs13476187,1,156052564,0,0,0,0,2,2,0,2,0,0,0,0,0,2,2,2,2,0,0,2,2,0,0,0
253,rs6209248,1,160302634,0,0,0,0,2,2,0,2,0,0,0,0,0,2,2,2,2,0,2,2,2,0,0,0
260,rs13476208,1,163955813,0,0,0,0,2,2,0,2,0,0,0,0,0,2,2,2,2,0,2,2,2,0,2,0
267,UT_1_169.988189,1,168323143,0,0,0,0,2,2,0,2,0,0,0,0,0,2,2,2,2,0,2,2,2,0,0,0
280,rs8242766,1,172981863,0,2,0,0,2,2,0,0,0,0,0,0,0,0,2,2,0,0,2,0,2,0,0,0
281,NES13033186,1,173149434,0,2,0,2,2,2,0,0,0,0,0,0,0,0,2,2,0,0,2,0,2,0,0,0
289,rs3682996,1,175676881,0,2,0,2,2,2,0,0,0,0,0,0,0,0,2,2,2,0,2,0,2,0,0,0
296,rs13476267,1,182213911,0,0,0,2,2,2,0,0,0,0,0,0,0,0,2,2,2,0,2,0,2,0,0,0
300,CEL-1_182091301,1,183936097,0,0,0,2,2,2,0,2,0,0,0,0,0,0,2,2,2,0,2,0,2,0,0,0
302,rs13476281,1,186146231,0,0,0,2,2,0,0,2,0,0,0,0,2,2,2,0,2,0,2,0,2,0,0,0
305,rs6154379,1,187001840,0,0,0,2,2,0,0,2,0,0,0,0,2,2,2,0,2,0,2,0,0,0,0,0
313,rs13476291,1,189435368,0,0,2,2,2,0,0,2,0,0,0,0,2,2,2,0,2,0,2,0,0,0,0,0
314,rs3666905,1,189866757,0,0,2,2,2,0,0,2,2,0,0,0,2,2,2,0,2,0,2,0,0,0,0,0
320,CEL-1_188885303,1,190852997,0,0,2,2,2,0,0,2,2,0,0,0,2,2,2,0,2,0,2,0,0,0,0,2
331,rs3689947,1,194325877,0,0,2,2,2,0,0,0,2,0,0,0,2,2,2,0,2,0,2,0,0,0,0,2
340,rs13476330,2,5767413,2,0,0,0,2,0,0,2,0,0,0,0,2,0,0,0,2,2,2,2,2,2,2,2
342,gnf02.006.767,2,9751288,0,0,0,0,2,0,2,2,2,0,2,0,2,0,0,0,2,2,2,0,2,2,2,2
343,rs13476350,2,11707492,0,0,0,2,2,0,2,2,2,0,2,0,2,0,0,0,0,2,2,0,2,2,2,2
345,rs13476358,2,16227339,0,0,0,2,2,0,2,2,2,0,2,0,2,0,0,0,0,2,2,0,0,2,2,2
347,CEL-2_18096278,2,17962148,0,0,0,2,2,0,2,2,2,0,2,0,2,0,0,0,0,2,2,2,0,0,2,2
353,rs6193345,2,23199300,2,0,0,2,2,0,2,2,2,0,2,0,2,0,0,0,0,2,2,2,0,0,2,2
356,rs13476386,2,24827273,2,0,0,2,2,0,2,2,2,0,0,0,2,0,0,0,0,2,2,2,0,0,2,2
358,rs13476390,2,25726696,2,0,0,2,2,0,2,2,2,2,0,0,2,0,0,0,0,2,2,0,0,0,2,2
360,rs3681655,2,26223875,2,0,0,2,2,0,2,2,2,2,0,2,2,0,0,0,0,2,2,0,0,0,2,2
361,mCV23574676,2,26733408,2,0,0,2,2,0,0,2,2,2,0,2,2,0,0,0,0,2,2,0,0,0,2,2
362,rs13476408,2,30296487,2,0,0,2,2,0,0,2,2,2,0,2,2,2,0,0,0,2,2,0,0,2,2,2
366,rs13476413,2,31678178,0,0,0,2,2,0,0,2,2,2,0,2,2,2,0,0,0,2,2,0,0,2,2,2
368,rs13459060,2,32470462,0,0,0,0,2,0,0,2,2,2,0,2,2,2,0,0,0,2,2,0,0,2,2,2
370,rs13476419,2,33305486,0,0,0,0,2,0,0,2,2,2,0,2,2,2,0,0,0,2,2,0,2,2,2,2
377,rs13476427,2,34869157,0,0,0,0,2,0,0,2,2,2,0,2,2,0,0,0,0,2,2,0,2,2,2,2
379,rs3699934,2,35957196,2,0,0,0,2,0,0,2,2,0,0,2,2,0,0,0,0,2,2,0,2,2,2,2
389,rs13476456,2,41533579,2,0,0,0,2,0,0,2,2,0,0,2,2,0,0,0,0,2,2,0,0,2,2,2
397,rs13476467,2,44257293,2,0,0,0,2,0,0,2,2,0,0,2,2,2,0,0,0,2,2,0,0,2,2,2
423,rs13476520,2,57861768,2,2,0,0,2,0,0,2,2,0,0,2,2,2,0,0,0,2,2,0,0,2,2,2
427,rs3660779,2,60486383,2,2,2,0,2,2,0,2,2,0,0,2,2,2,0,0,0,2,0,0,0,2,2,2
442,D2Mit205,2,65140125,2,2,0,0,2,2,0,2,2,0,0,2,2,2,0,0,0,2,0,0,0,2,2,2
453,rs8263080,2,69180907,2,2,0,0,0,2,0,2,2,0,0,2,2,2,0,0,0,2,0,0,0,2,2,2
458,rs13476571,2,72239857,2,2,0,0,0,2,0,2,2,2,0,2,2,0,0,0,2,2,2,0,0,2,2,2
459,rs13476573,2,73133110,2,2,0,0,0,2,0,2,2,2,2,2,2,0,0,0,2,2,2,0,0,2,2,2
465,rs3713848,2,75856730,2,2,0,0,0,2,0,2,2,2,2,2,2,0,0,0,2,0,2,0,0,2,2,2
467,rs13476589,2,77938378,2,2,0,0,0,2,2,2,2,2,2,2,2,2,0,0,2,0,2,0,0,2,2,2
468,CEL-2_79237503,2,79183601,2,2,0,0,2,2,2,2,2,2,2,2,2,2,0,0,2,0,2,0,0,2,2,2
472,rs3667007,2,81946274,2,0,0,0,2,2,2,2,2,2,2,2,2,2,0,0,2,0,2,0,0,2,2,2
474,rs13476609,2,83092617,0,0,0,0,2,2,2,2,2,2,2,2,2,2,0,0,2,0,2,0,0,2,2,2
479,rs6314788,2,88186456,0,0,0,0,2,2,2,2,2,0,2,2,2,2,0,0,2,0,2,0,0,2,2,2
481,rs4223268,2,93260018,0,2,0,0,2,2,2,2,2,0,2,2,2,2,2,0,2,0,2,0,0,2,2,2
484,rs6170908,2,94377939,0,2,0,2,2,2,2,2,2,0,2,2,2,2,2,0,2,0,2,0,0,2,2,2
486,CEL-2_98080939,2,98027112,0,2,0,2,2,2,0,2,2,0,2,2,2,2,2,0,2,0,2,0,0,2,2,2
488,rs6164718,2,99665472,0,2,0,2,2,2,0,2,2,0,2,2,2,2,2,2,2,0,2,0,0,2,2,2
490,rs3721532,2,100829474,0,2,0,2,0,2,0,2,2,0,2,2,2,2,2,2,2,0,2,0,0,2,2,2
494,D2Mit12,2,102941479,0,2,0,2,0,2,0,2,2,2,2,2,2,2,2,2,2,0,2,0,0,2,2,2
496,rs13469470,2,103290657,0,2,0,2,0,2,0,0,2,2,2,2,2,2,2,2,2,0,2,0,0,2,2,2
498,rs13476676,2,103939709,0,2,0,2,0,2,0,0,0,2,2,2,2,2,2,2,2,0,2,0,0,2,2,2
502,rs6323360,2,106438339,0,2,0,2,0,2,0,0,0,2,0,2,2,2,2,2,2,0,2,0,0,2,2,2
509,rs6208879,2,109622852,0,2,0,2,0,2,2,0,0,2,0,2,2,2,2,2,2,0,2,0,0,2,2,2
510,rs6318808,2,109829996,0,0,0,2,0,2,2,0,0,2,0,2,2,2,2,2,2,0,2,0,0,2,2,2
524,rs13476723,2,117118532,0,0,0,2,0,2,2,0,0,2,2,2,2,2,2,2,2,0,2,0,0,2,2,2
530,rs3686617,2,122383806,0,0,0,2,0,2,2,0,0,2,2,2,2,2,2,2,2,0,0,0,0,2,2,2
535,rs6374387,2,125304785,0,0,0,2,2,2,2,0,0,2,2,2,2,2,2,2,2,0,0,0,0,2,2,2
537,rs3708635,2,125704535,0,0,0,2,2,0,2,0,0,2,2,2,2,2,2,2,2,0,0,0,0,2,2,2
539,rs6411422,2,128199226,0,0,0,2,2,0,2,0,0,2,2,2,2,2,2,2,2,2,0,0,0,2,2,2
545,rs8264884,2,130881868,2,0,0,2,2,0,2,0,0,2,2,2,2,2,2,2,2,2,0,0,0,2,2,2
551,rs13476784,2,134345046,2,0,0,0,2,2,2,0,0,2,2,2,2,2,2,0,2,2,2,0,0,2,2,2
553,CEL-2_135876979,2,135953692,2,0,2,0,2,2,2,0,0,2,2,2,2,2,2,0,2,2,2,0,0,2,2,2
555,rs13476805,2,139549796,2,0,2,2,0,2,2,0,0,2,2,2,2,2,2,0,2,2,2,0,0,2,2,2
559,rs3022909,2,145107383,2,2,2,2,0,2,2,0,0,2,2,2,2,2,2,0,2,2,2,0,0,2,2,2
563,rs6206791,2,149491612,2,2,2,2,2,2,2,0,0,2,2,2,2,2,2,0,2,2,2,0,0,2,2,2
569,rs6265656,2,156689630,2,2,2,2,2,2,2,2,0,2,2,0,2,2,2,0,2,2,2,0,0,2,2,2
571,rs3691210,2,157820959,2,2,2,0,2,2,2,2,0,2,2,0,2,2,2,0,2,2,2,0,0,2,2,2
575,rs6389365,2,159368725,2,2,2,0,2,2,2,2,0,2,2,0,2,2,2,0,0,2,2,0,0,2,2,2
579,rs6152944,2,160129430,2,2,2,0,2,0,2,2,0,2,2,0,2,2,2,0,0,2,2,0,0,2,2,2
580,rs13476878,2,160594981,2,2,2,0,2,0,2,2,0,0,2,0,2,2,2,0,0,2,2,0,0,2,2,2
588,rs3671849,2,162978275,2,2,2,0,0,0,2,2,0,0,2,0,2,2,2,0,0,2,2,0,0,2,2,2
598,rs6177049,2,165608228,2,2,0,0,0,0,2,2,0,0,2,0,2,2,2,2,0,2,2,0,0,2,2,2
603,CEL-2_168586738,2,168349120,2,2,0,0,0,0,2,2,0,0,2,0,2,2,2,2,0,2,2,0,0,2,2,0
611,rs3143843,2,169778381,2,2,0,0,2,0,2,2,0,0,2,0,2,2,2,2,0,2,2,0,0,2,2,0
613,rs13476914,2,170652473,2,2,0,0,2,2,2,2,0,0,2,0,2,2,2,2,0,2,2,0,0,0,2,0
616,rs3724618,2,171350040,2,2,0,0,2,0,2,2,0,0,2,0,2,2,2,2,0,2,2,0,0,0,2,0
623,rs3674193,2,178452024,2,2,0,0,0,0,2,2,0,0,2,0,2,2,2,2,0,2,2,0,0,0,2,0
624,rs13476936,2,178942787,2,2,0,0,2,2,2,2,0,0,2,0,2,2,2,2,0,2,2,0,0,0,2,0
628,rs3703298,2,179695601,2,2,0,0,2,2,2,2,0,0,2,0,2,2,2,2,0,2,2,0,0,0,2,2
633,rs13476950,3,3785418,2,2,0,2,0,2,2,0,2,0,2,2,0,0,2,0,2,2,0,0,0,2,0,0
638,rs13476963,3,7679815,2,2,0,2,0,2,2,2,2,0,2,2,0,0,2,0,2,2,0,0,0,2,0,0
643,rs6405415,3,10327102,2,2,0,2,0,2,2,2,2,0,2,2,0,0,2,0,2,2,0,0,0,2,0,2
658,rs13477004,3,19544554,2,2,0,2,0,2,2,2,2,0,2,2,0,0,2,0,2,2,0,0,0,2,2,2
659,rs13477011,3,21265674,2,2,0,2,0,0,2,2,2,0,2,2,0,0,2,0,2,2,0,0,2,2,2,2
661,CEL-3_23204282,3,23338085,2,2,0,0,0,0,2,2,2,0,2,2,0,0,2,0,2,2,0,0,2,2,2,2
662,rs6373308,3,26093917,2,2,0,0,0,0,2,2,2,0,2,2,2,0,2,0,2,2,0,0,2,2,2,2
664,rs13477030,3,27500205,2,2,0,0,0,0,2,2,2,0,2,2,2,0,2,2,2,2,0,0,2,2,2,2
668,rs6260196,3,28626877,2,2,0,2,0,0,2,2,2,0,2,2,2,0,2,2,2,2,0,0,2,2,2,2
670,rs13475616,3,32476136,2,2,0,2,0,2,2,2,2,0,2,2,2,0,2,2,2,2,0,0,2,2,2,2
675,rs3151902,3,36502923,2,2,0,2,0,2,2,2,2,0,2,2,2,0,2,2,0,2,0,0,2,2,2,2
676,rs13477062,3,36739264,2,2,0,2,0,2,2,2,2,0,2,2,2,0,2,2,0,2,0,2,2,2,2,2
678,petM-02707-1,3,37307265,2,2,0,2,0,2,2,2,2,0,2,2,2,0,2,2,0,0,0,2,2,2,2,2
684,rs3665109,3,39719816,2,2,0,2,0,2,0,2,2,0,2,2,2,0,2,2,0,0,0,2,2,2,0,2
687,rs13477072,3,40358478,2,2,0,2,2,2,0,0,2,0,2,2,2,0,2,2,0,0,0,2,2,2,0,2
689,rs13477076,3,41397766,2,2,0,2,2,2,2,0,2,0,2,2,2,0,2,2,0,0,0,2,2,2,0,2
692,mCV24401139,3,45974816,0,2,0,2,2,2,2,0,2,0,2,2,2,0,2,2,0,0,0,2,2,2,0,2
695,rs13477113,3,53073655,0,0,0,2,2,2,2,0,0,0,2,2,2,0,2,2,0,0,0,2,2,2,0,2
698,gnf03.051.474,3,54556029,0,0,0,2,2,2,2,0,0,0,0,2,2,0,2,2,0,0,0,2,2,2,0,2
699,gnf03.051.587,3,54674450,0,0,0,2,2,2,2,0,0,0,0,0,2,0,2,2,0,0,0,2,2,2,0,2
702,rs13477123,3,55832832,0,0,0,2,2,2,2,0,0,0,0,0,2,0,2,2,0,0,0,0,2,2,0,2
712,rs13477144,3,61072170,0,0,0,0,2,2,2,0,0,0,0,0,2,0,2,2,0,0,0,0,2,2,0,2
716,rs3674751,3,65474784,0,0,0,0,2,2,2,0,0,0,0,0,2,0,0,2,0,0,0,0,2,2,0,2
721,rs3674810,3,67946724,0,0,0,0,2,2,2,0,0,0,0,0,2,0,0,2,0,0,0,0,2,2,0,0
723,rs13477176,3,68871336,0,0,0,0,0,2,2,0,0,0,0,0,2,0,0,2,0,0,0,0,2,2,0,0
727,CEL-3_75140206,3,74542042,0,0,0,0,0,2,0,0,0,0,0,0,2,0,0,2,0,0,0,0,2,2,0,0
733,rs3672300,3,77716617,0,0,0,0,0,2,0,0,0,0,0,0,2,0,0,2,0,0,0,2,2,2,0,0
755,rs13477280,3,98086968,0,0,0,2,0,2,0,0,0,0,0,0,2,0,0,2,0,0,0,2,2,2,0,0
763,rs13477308,3,104918494,0,0,0,2,0,2,2,0,0,0,0,0,2,0,0,2,0,0,0,2,2,2,0,0
765,UT_3_108.7885,3,105471017,0,2,0,2,0,2,2,0,0,0,0,0,2,0,0,2,0,0,0,2,2,2,0,0
772,rs13477323,3,109396037,0,2,0,2,0,2,2,2,0,0,0,0,2,0,0,2,0,0,0,2,2,2,0,0
782,rs13477364,3,118290074,0,2,0,2,0,2,2,2,0,0,0,0,2,0,0,2,0,0,2,2,2,2,0,0
791,rs3671119,3,126116579,0,2,0,2,0,2,2,2,0,0,0,0,2,2,0,2,0,0,2,2,2,2,0,0
792,rs3670168,3,127995452,0,2,0,2,0,2,2,2,0,0,2,0,2,2,0,2,0,0,2,2,2,2,0,0
796,rs4221957,3,129527944,0,2,0,2,0,2,2,2,0,0,2,2,2,2,0,2,0,0,2,2,2,2,0,0
800,rs13477425,3,134595339,0,2,0,2,0,2,2,2,2,0,2,2,2,2,0,2,0,0,2,2,2,2,0,0
802,UT_3_141.310761,3,137054608,0,2,0,2,0,2,2,2,0,0,2,2,2,2,0,2,0,0,2,2,2,2,0,0
806,rs3720498,3,139132077,0,2,0,2,0,2,2,2,0,0,2,2,2,0,0,2,0,0,2,2,2,2,0,0
809,rs3090379,3,141704636,0,2,0,2,2,2,2,2,0,0,2,2,2,0,0,2,0,0,2,2,2,2,0,0
810,rs6290401,3,142297854,0,2,0,2,2,2,2,2,0,0,2,2,2,0,0,2,0,0,2,2,2,2,0,2
817,rs3688244,3,145095424,0,2,0,2,2,2,2,2,0,0,2,2,2,0,2,2,0,0,2,2,2,2,0,2
818,UT_3_150.551162,3,146294051,0,2,0,0,2,2,2,2,0,0,2,2,2,0,2,2,0,0,2,2,2,2,0,2
820,gnf03.152.088,3,148269915,0,2,0,0,2,2,2,2,0,0,2,2,0,0,2,2,0,0,2,2,2,2,0,2
821,rs13477485,3,149089196,2,2,0,0,2,2,2,2,0,0,2,2,0,0,2,2,0,0,2,2,2,0,0,2
833,CEL-3_156007479,3,155062197,2,2,2,0,2,2,2,2,0,0,2,2,0,0,2,2,0,0,2,2,2,0,0,2
835,rs3695386,3,155445672,2,2,2,0,2,2,2,2,0,0,2,2,0,0,0,2,0,0,2,2,2,0,0,2
836,rs13477511,3,156399374,2,2,2,0,0,2,2,2,0,0,2,2,0,0,0,2,0,0,2,2,2,0,0,2
837,gnf03.160.599,3,156802751,2,2,2,0,0,2,2,2,0,0,2,0,0,0,0,2,0,0,2,2,2,0,0,2
839,rs13477515,3,157182752,0,2,2,0,0,2,2,2,0,0,2,0,0,0,0,2,0,0,2,2,2,0,0,2
844,rs13477532,4,3630816,0,0,0,0,2,2,0,2,0,2,2,2,0,0,0,0,0,0,2,0,2,2,0,0
848,gnf04.002.599,4,5606395,0,0,0,0,0,2,0,2,0,0,2,2,0,0,0,0,0,0,2,0,2,2,0,0
849,rs3674982,4,6820703,0,0,0,0,0,2,0,2,0,0,2,2,0,0,2,0,0,0,2,0,2,2,0,0
863,rs13477579,4,16419442,2,0,2,0,0,2,0,2,0,0,2,2,0,0,2,0,0,0,2,0,2,2,0,0
865,rs3679281,4,18609947,2,0,2,0,0,2,0,2,0,0,0,2,0,0,2,0,0,0,2,0,2,2,0,0
869,petM-01609-1,4,19960179,2,2,2,0,0,2,0,2,0,0,0,2,0,0,2,0,0,0,2,0,2,2,0,0
873,rs13477601,4,22163487,2,0,2,0,0,2,0,2,0,0,0,2,0,0,2,0,0,0,2,0,2,2,0,0
877,rs13477622,4,28249560,2,0,2,0,0,0,0,2,0,0,0,2,2,0,0,0,0,2,2,0,2,2,0,0
878,rs3701432,4,29190386,2,0,2,0,0,0,0,2,0,0,0,2,2,0,0,0,0,0,2,0,2,2,0,2
881,rs6177140,4,31651726,2,0,0,0,0,0,0,2,0,0,0,2,2,0,0,0,0,0,2,0,2,2,0,2
885,rs4224427,4,33109560,2,0,2,0,0,0,0,2,0,0,0,2,2,0,0,0,0,0,2,0,2,2,0,2
887,CEL-4_34185403,4,34041019,2,0,0,0,0,0,0,2,0,0,0,2,2,0,0,0,0,0,0,0,2,2,0,2
889,rs6232550,4,40972607,2,0,0,0,0,0,0,2,0,0,0,0,2,0,0,0,0,0,0,0,0,2,0,0
906,rs6398138,4,50881072,2,0,0,0,0,0,0,2,0,0,0,0,2,0,0,0,2,0,0,0,0,2,0,0
908,CEL-4_51526276,4,52294103,2,0,0,0,0,0,0,2,0,0,0,0,2,0,0,0,0,0,0,0,0,2,0,0
923,rs3690581,4,62368291,2,0,0,0,0,0,0,2,0,0,0,0,2,0,2,0,0,0,0,0,0,2,0,0
929,D4Mit178,4,66843059,2,0,0,0,2,0,0,2,0,0,0,0,2,0,2,0,0,0,0,0,0,2,0,0
941,rs13477796,4,78698064,2,0,0,0,2,0,0,2,0,0,0,0,2,0,2,2,0,0,0,0,0,2,0,0
943,rs13477804,4,81604581,2,0,0,0,2,0,0,2,0,0,0,2,2,0,2,2,0,0,0,0,0,2,0,0
955,CEL-4_86326428,4,87697882,2,0,0,0,2,0,2,2,0,0,0,2,2,0,2,2,0,0,0,0,0,2,0,0
958,rs13477831,4,88597633,2,0,0,0,2,0,2,2,0,0,0,2,2,2,2,2,0,0,0,0,0,2,0,0
962,rs3663299,4,94099079,2,0,0,0,2,0,2,2,0,0,0,2,2,2,2,2,2,0,0,0,0,2,0,0
966,CEL-4_95227224,4,96563640,2,0,0,0,2,0,2,2,2,0,2,2,2,2,2,2,2,0,0,0,0,2,2,0
970,rs13477873,4,101102849,2,0,0,0,2,0,2,2,2,0,2,2,2,2,2,0,2,0,0,0,0,2,2,0
971,rs13477881,4,103313312,2,0,0,0,2,0,2,2,2,0,2,2,2,2,2,0,2,0,0,2,0,2,2,0
973,rs3726736,4,103839033,2,0,0,0,2,0,2,0,2,0,2,2,2,2,2,0,2,0,0,2,0,2,2,0
975,rs13477919,4,104961980,2,0,0,0,2,0,2,0,2,0,2,2,2,2,2,0,2,0,2,2,0,2,2,0
980,rs3664637,4,108237103,2,0,0,0,2,0,2,0,2,0,2,2,2,2,2,2,2,0,2,0,0,2,2,0
982,gnf04.104.549,4,108879988,2,0,0,0,2,0,2,0,2,2,2,2,2,2,2,2,2,0,2,2,0,2,2,0
1002,rs3675629,4,120731448,2,0,0,2,2,0,2,2,2,2,2,2,2,2,2,2,2,0,2,2,0,2,2,0
1006,UT_4_121.927901,4,122536809,2,0,0,2,2,0,2,2,2,2,2,2,2,2,2,2,2,0,2,2,2,2,2,0
1013,rs3704486,4,125265632,2,0,2,2,2,0,2,2,2,2,2,2,2,2,2,2,2,0,2,2,2,0,2,0
1014,rs3666537,4,126150089,2,0,0,2,2,0,2,2,2,2,2,0,2,2,2,2,0,0,2,2,2,0,2,0
1019,rs3023009,4,129249415,2,0,0,2,2,0,2,2,2,2,2,0,2,2,0,2,0,0,2,2,2,0,2,0
1025,rs3664871,4,132410010,2,0,0,2,2,0,2,2,2,0,2,0,2,2,0,2,0,0,2,2,2,2,2,0
1027,rs6404906,4,133563658,2,0,0,2,0,0,2,2,2,0,2,0,2,2,0,2,0,0,2,2,2,2,2,0
1034,rs13478002,4,136230564,2,0,0,2,0,0,2,2,2,2,2,0,2,2,0,2,0,0,2,2,2,2,2,0
1036,rs6234904,4,138152372,2,0,0,2,0,0,2,2,2,2,2,0,2,2,0,2,0,0,2,2,2,2,0,0
1050,rs3023025,4,142772319,2,0,0,2,0,0,2,2,2,2,2,0,2,0,2,2,0,0,2,2,2,2,0,0
1051,rs6316136,4,142959727,2,0,0,2,0,0,2,2,2,2,2,0,2,0,2,2,0,0,2,0,2,0,0,0
1053,rs4224919,4,144563168,2,0,0,2,0,0,2,2,2,2,2,0,2,0,2,2,0,0,2,0,2,0,0,2
1057,rs13478048,4,149683530,2,0,0,2,0,0,2,2,2,2,2,0,2,0,0,2,0,0,2,0,2,0,0,2
1060,rs13478050,4,150309624,2,0,0,2,0,0,2,2,2,2,2,0,2,0,0,2,0,0,2,0,2,2,0,2
1063,rs3680006,4,150872156,2,0,0,2,0,0,2,2,2,2,0,0,2,0,0,2,0,0,2,0,2,2,0,2
1065,rs13478063,4,152699720,2,0,0,2,0,0,2,2,2,2,2,0,2,0,0,2,0,0,2,0,2,2,0,2
1066,rs6181146,4,153428156,2,2,0,2,0,0,2,2,2,2,2,0,2,0,0,2,0,0,2,0,2,2,0,2
1068,rs13478089,4,153804167,2,2,0,2,2,0,2,2,2,2,2,0,2,0,0,2,0,0,2,0,2,2,0,2
1070,rs13478067,4,154365178,2,2,0,2,0,0,2,2,2,2,2,0,2,0,0,2,0,0,2,0,2,2,0,2
1072,rs13478069,4,154876684,2,2,0,2,2,0,2,2,2,2,2,0,2,0,0,2,0,0,2,0,2,2,0,2
1074,rs6316711,4,155235047,2,2,0,2,2,0,2,2,2,2,2,0,2,0,2,2,0,0,2,0,2,2,0,2
1079,CEL-5_3149134,5,3143128,2,2,2,0,2,2,2,0,0,2,0,2,0,0,2,0,0,2,2,0,0,2,2,2
1081,rs3664617,5,4468200,2,2,2,0,2,2,2,0,0,2,0,2,0,0,2,0,2,2,2,0,0,2,2,2
1104,rs6256752,5,20753293,2,2,2,0,0,2,2,0,0,2,0,2,0,0,2,0,0,2,2,0,0,2,2,2
1106,UT_5_19.849706,5,21254589,2,2,0,0,0,2,2,0,0,2,0,2,0,0,2,0,0,2,2,0,0,2,2,2
1108,gnf05.017.151,5,22716675,2,2,0,0,0,2,2,0,0,2,0,2,0,0,2,2,0,2,2,0,0,2,2,2
1110,rs13478143,5,23471051,2,2,0,0,0,2,2,0,0,2,0,0,0,0,2,2,0,2,2,0,0,2,2,2
1112,mCV22781030,5,23652258,2,2,0,0,0,2,2,0,0,2,0,2,0,0,2,2,0,2,2,0,0,2,2,2
1119,D5Mit388,5,33660748,0,2,0,0,0,2,0,0,0,2,0,2,0,0,0,2,0,2,2,0,2,2,0,2
1127,rs3703261,5,40028596,0,2,0,0,0,2,0,0,0,2,0,2,2,0,0,2,0,2,2,0,2,2,0,0
1132,rs3662682,5,41922477,0,2,0,0,0,2,0,0,0,2,0,2,2,2,0,2,0,2,2,0,2,2,0,0
1134,rs3716195,5,42448019,0,2,0,0,0,2,0,0,0,2,0,2,2,2,2,2,0,2,2,0,2,2,0,0
1135,rs6276465,5,42600455,0,2,0,0,0,2,0,0,0,2,0,2,2,0,2,2,0,2,2,0,2,2,0,0
1144,rs13478223,5,45747535,0,2,0,0,0,0,0,0,0,2,0,2,2,0,0,2,0,2,2,0,2,2,0,0
1157,rs13478255,5,53431175,0,2,0,0,0,0,0,0,0,2,0,2,2,2,0,2,0,2,2,0,2,2,0,0
1171,CEL-5_56325748,5,58079467,0,2,0,0,0,0,2,0,0,2,0,2,2,2,0,2,0,2,2,0,2,2,0,0
1177,rs3704920,5,60835061,0,2,0,0,2,0,2,0,0,2,0,2,2,2,0,2,0,2,2,0,2,2,0,0
1179,rs3657916,5,63556502,0,2,0,0,2,0,2,0,0,2,0,2,2,2,0,2,0,2,2,0,2,2,0,2
1183,rs6265085,5,65141992,0,2,0,0,2,0,2,0,2,2,0,2,2,2,0,2,0,2,2,0,2,2,0,2
1185,rs3656989,5,66605987,0,2,0,0,2,0,2,0,2,2,0,0,2,2,0,2,0,2,2,0,2,2,0,2
1186,rs6267669,5,66893863,0,0,0,0,2,0,2,0,2,2,0,0,2,2,0,2,0,2,2,0,2,2,0,2
1193,CEL-5_67747877,5,69527299,0,0,0,0,2,0,2,0,2,2,0,0,2,2,0,2,0,2,2,0,2,0,0,2
1194,rs13478320,5,71133299,0,2,0,0,2,0,2,0,2,2,0,0,2,2,0,2,0,2,2,0,2,0,0,2
1195,gnf05.066.286,5,72415729,0,2,0,0,2,0,2,0,2,2,0,0,2,2,0,2,2,2,2,0,2,0,0,2
1197,CEL-5_70954573,5,72711078,0,2,0,0,2,0,2,0,2,2,0,2,2,2,0,2,2,2,2,0,2,0,0,2
1207,rs3153753,5,76574922,0,2,0,0,2,0,2,0,2,2,0,2,2,0,2,2,2,2,2,0,2,2,0,2
1212,CEL-5_76676351,5,78347363,0,2,0,0,2,0,2,0,2,2,0,2,2,0,2,0,2,2,2,0,2,2,0,2
1214,rs13478357,5,82835236,0,2,0,0,2,0,2,0,2,2,0,0,2,0,2,0,2,2,2,0,0,2,0,2
1216,rs13478363,5,84265109,0,2,0,0,0,0,2,0,2,2,0,0,2,0,2,0,2,2,2,0,0,2,0,2
1222,rs13478386,5,90500266,0,2,0,0,0,0,2,0,2,2,0,0,2,0,0,0,2,2,2,0,0,2,0,2
1234,rs13478398,5,94154652,2,2,0,0,0,0,2,0,2,2,0,0,2,0,0,0,2,2,2,0,0,2,0,2
1242,rs3712722,5,98239478,2,2,0,0,0,0,2,0,2,2,0,0,2,0,0,0,2,0,2,0,0,2,0,2
1245,rs13478413,5,99431953,2,2,0,0,0,0,2,0,2,2,2,0,2,0,0,0,2,0,2,0,0,2,0,2
1249,rs3683611,5,100641822,2,2,0,0,0,0,2,0,2,2,2,0,2,0,0,0,2,0,2,0,2,2,0,2
1253,rs13478428,5,103062844,2,2,0,0,0,0,2,0,2,2,2,0,2,0,0,0,2,0,2,0,0,2,0,2
1255,rs6297352,5,103545840,0,2,0,0,0,0,2,0,2,2,2,0,2,0,0,0,2,0,2,0,0,2,0,2
1256,rs13478430,5,103696017,0,2,0,0,0,0,2,0,2,2,2,0,2,0,0,0,2,0,2,0,0,2,0,0
1260,rs13478434,5,104572764,0,2,0,0,0,2,2,0,2,2,2,0,2,0,0,0,2,0,2,2,0,2,0,0
1268,rs13478446,5,107623394,0,2,0,0,0,2,2,0,2,2,2,0,2,0,0,0,2,0,2,2,2,2,0,0
1270,CEL-5_106241511,5,109222883,0,2,0,2,0,2,2,0,0,2,2,0,2,0,0,0,2,0,2,2,2,2,0,0
1272,rs13459088,5,111078136,0,2,2,2,0,2,2,0,0,2,2,0,2,0,0,0,2,0,2,2,2,2,0,0
1280,rs3719767,5,115597884,0,2,2,2,0,2,2,0,0,2,2,0,2,0,0,0,0,0,2,2,2,2,0,0
1286,D5Mit188,5,118329639,0,2,0,2,0,2,2,0,0,2,2,0,2,0,0,0,0,0,2,2,2,2,0,0
1289,rs13478487,5,119758227,0,0,0,2,0,2,2,0,0,2,2,2,2,0,0,0,0,0,2,2,2,2,0,0
1293,rs13478499,5,123738719,0,2,0,2,0,2,2,2,0,2,2,2,2,0,0,0,0,2,2,0,2,2,0,0
1297,rs3711495,5,126622830,0,0,0,2,0,2,2,2,0,2,2,2,2,0,0,0,0,2,2,0,2,2,0,0
1301,rs3663155,5,128047890,0,0,0,2,0,2,2,2,0,2,2,2,2,0,0,0,0,0,2,0,2,2,0,0
1304,gnf05.124.386,5,130849060,0,0,0,2,0,2,2,2,0,2,0,0,2,0,0,0,0,0,2,0,0,2,0,2
1305,rs13478535,5,132505749,0,0,0,2,0,2,2,2,0,2,0,0,2,0,0,0,0,0,2,0,0,0,0,2
1306,D5Mit372,5,132603109,0,0,0,2,0,2,2,2,0,2,0,2,2,0,0,0,0,0,2,0,0,0,2,2
1308,rs13478539,5,133538654,0,0,0,2,0,2,2,2,0,2,0,2,2,0,0,2,0,0,2,0,0,0,2,2
1309,rs3708411,5,136726448,0,0,2,2,2,2,2,2,0,2,0,2,2,0,0,0,0,0,2,2,0,0,2,2
1317,rs13478563,5,141863413,0,2,2,2,2,2,2,2,0,2,0,2,2,0,0,0,0,0,2,2,0,0,2,2
1325,rs6284348,5,144381934,0,2,2,2,2,2,2,2,0,2,0,2,0,0,0,0,0,0,2,2,0,0,2,2
1326,rs3696754,5,145200213,0,2,2,2,2,2,2,2,2,2,0,2,0,2,0,0,0,0,2,2,0,0,2,2
1332,rs13478586,5,147658808,0,2,0,2,2,2,2,2,2,2,0,2,0,2,0,0,0,0,2,2,0,0,2,2
1335,rs3661828,6,3416870,0,0,2,2,2,2,2,2,2,0,2,0,0,2,2,2,0,0,0,2,2,0,0,2
1342,rs13478617,6,7964242,0,0,2,2,2,2,2,2,2,0,0,0,0,2,2,2,0,0,0,2,2,0,0,2
1350,rs13478632,6,11712185,0,0,2,2,2,2,2,2,2,0,0,0,0,2,2,2,0,0,0,2,2,0,2,2
1352,rs13478641,6,16011004,0,0,2,2,2,2,2,2,2,2,2,0,0,2,0,2,0,0,2,2,2,0,2,2
1354,mCV23259040,6,16932016,0,0,2,2,2,2,2,2,2,2,2,0,0,2,2,2,0,0,2,2,2,0,2,2
1360,rs13478662,6,24223715,0,0,2,2,2,2,2,2,2,2,0,2,0,2,2,2,0,0,2,2,0,0,2,2
1368,rs13478683,6,29127420,0,0,2,2,2,2,2,2,2,0,0,2,0,2,2,2,0,0,2,2,0,0,2,2
1374,rs13478696,6,32583784,0,0,2,2,2,2,2,2,2,0,0,2,0,2,2,2,0,0,2,0,0,0,2,2
1376,rs13478705,6,34457506,0,0,2,2,2,2,2,2,2,0,0,2,2,2,2,0,0,0,2,0,0,0,2,2
1379,rs13478717,6,37639577,0,0,2,0,2,2,2,2,2,0,0,2,2,2,2,0,0,0,2,0,0,0,2,2
1380,rs6215575,6,38079137,0,0,2,0,0,2,2,2,2,0,0,2,2,2,2,2,0,0,0,0,0,0,2,2
1382,gnf06.037.785,6,40749295,0,0,2,0,0,2,2,2,2,0,0,2,2,0,2,2,0,0,0,0,0,0,2,2
1383,rs13478727,6,43776811,0,0,2,2,0,2,2,2,2,0,0,2,2,0,2,2,0,0,0,0,0,0,2,2
1393,rs3698072,6,49388482,0,0,2,2,0,2,0,2,2,0,0,2,2,0,2,2,0,0,0,0,0,0,2,2
1394,rs6155681,6,49605503,0,0,2,2,0,2,0,2,0,0,0,2,2,0,2,2,0,0,0,0,0,0,2,2
1405,rs13478756,6,52735548,0,0,2,2,0,2,0,2,0,0,0,2,2,0,2,2,0,0,0,0,0,0,0,2
1413,rs6308025,6,55120667,0,0,2,0,0,2,0,2,0,0,0,2,2,0,2,2,0,0,0,0,0,0,0,2
1418,gnf06.058.959,6,59756735,0,0,2,2,0,2,0,2,0,0,0,2,2,0,2,2,0,0,0,0,0,0,0,2
1420,rs6378343,6,63773077,0,0,2,2,0,2,0,2,0,0,0,2,2,0,2,0,0,0,0,0,0,2,0,2
1422,rs13478800,6,64766249,2,0,2,2,0,2,0,2,0,0,0,2,2,0,2,0,0,0,0,0,0,2,0,2
1433,rs3663024,6,77471759,2,0,0,2,0,2,0,2,0,0,0,2,2,0,2,0,0,0,0,2,0,2,0,2
1435,rs13478871,6,85767550,2,0,0,2,2,2,0,2,0,0,0,2,2,0,2,0,0,0,0,2,2,2,0,2
1441,gnf06.086.089,6,87099761,2,0,0,2,2,2,0,2,0,0,0,2,2,0,2,0,0,0,0,2,2,2,0,0
1448,rs3661039,6,90308024,2,0,0,2,2,2,0,2,0,0,0,2,2,0,2,0,0,0,2,2,2,2,0,0
1453,rs6223362,6,92570487,2,0,0,0,2,2,0,2,0,0,0,2,2,0,2,0,2,0,2,2,2,2,0,0
1457,rs13478906,6,95023510,2,0,0,0,2,2,0,2,0,0,0,2,2,0,2,0,2,0,0,0,2,0,2,0
1465,gnf06.096.938,6,98028111,2,2,0,0,2,2,0,2,0,0,0,2,2,0,2,0,2,0,0,0,2,0,2,0
1470,UT_6_102.533298,6,100818194,2,2,0,0,2,2,0,2,0,0,0,2,2,0,2,0,0,0,0,0,2,0,2,0
1472,rs13478933,6,101797293,2,2,0,0,2,0,0,2,0,0,0,2,2,0,2,0,0,0,0,0,2,0,2,0
1476,rs13478947,6,104791603,2,2,0,0,0,0,0,2,0,0,0,2,0,0,2,0,0,0,0,0,2,0,2,0
1477,rs13478951,6,105762437,2,2,0,0,0,0,0,2,0,0,0,2,0,0,2,0,0,0,0,0,0,0,2,0
1482,rs13478971,6,111249787,2,2,0,0,0,0,0,2,0,0,0,2,0,0,2,0,0,0,0,0,0,2,2,0
1486,rs13478975,6,112093706,2,2,0,0,0,2,0,2,0,0,0,2,0,0,2,0,0,0,0,0,0,2,2,0
1488,rs13478978,6,112800819,2,0,0,0,0,2,0,2,0,0,0,2,0,0,2,0,0,0,0,0,0,2,2,0
1489,rs13478980,6,113408783,2,0,0,0,0,2,0,2,0,0,0,2,0,0,2,0,2,0,0,0,0,2,2,0
1493,rs6204829,6,115865552,2,0,0,0,2,2,0,2,0,0,0,2,0,0,0,0,2,0,0,0,0,2,2,0
1507,gnf06.122.747,6,124006512,2,0,0,0,2,2,2,2,0,0,0,2,0,0,0,0,2,0,2,0,0,2,2,0
1511,rs13479023,6,127388476,2,0,0,0,2,2,0,2,0,0,0,2,0,0,0,0,2,0,2,0,0,2,2,0
1517,rs3662241,6,129560177,2,0,0,0,2,2,0,2,0,0,0,2,0,0,0,0,2,0,2,0,2,2,2,0
1521,rs6339546,6,133917751,2,0,0,0,2,2,0,2,0,0,0,2,0,0,0,0,2,2,2,0,2,2,2,0
1527,rs13479058,6,135272117,2,0,0,0,2,2,0,2,0,0,2,2,0,0,0,0,2,2,2,0,2,2,2,0
1535,rs3682699,6,138384999,2,0,0,0,2,2,0,2,0,0,2,2,0,0,2,0,2,2,2,0,2,2,2,0
1545,rs6152631,6,144002632,2,0,0,2,2,2,0,2,0,0,2,2,0,2,2,0,2,2,0,0,2,2,2,0
1547,rs3089737,6,145406060,2,0,0,2,2,0,0,2,0,0,2,2,0,2,2,0,2,2,0,0,2,2,2,0
1549,rs3695746,6,147673993,2,0,0,2,2,0,0,2,2,0,2,2,0,2,2,0,2,2,0,0,2,2,2,0
1552,rs13479096,6,149016662,2,0,0,2,2,0,0,2,2,0,2,2,0,2,2,0,2,2,0,2,2,2,2,0
1554,rs13479126,7,12778970,0,2,2,0,0,2,0,0,2,0,0,0,0,0,0,0,0,2,2,0,0,2,0,2
1556,rs3675839,7,16621522,0,2,2,0,0,0,0,0,2,0,0,0,0,0,0,0,0,2,2,0,0,2,0,2
1558,rs6295100,7,17046685,0,2,2,0,0,0,0,0,2,0,0,0,0,0,0,2,0,2,2,0,0,2,0,2
1567,rs13479153,7,25722935,0,2,2,0,0,0,0,0,2,0,0,0,0,0,0,2,0,2,2,0,0,2,0,0
1568,rs13479163,7,27852866,0,2,2,0,0,0,2,0,2,0,0,0,0,0,0,0,0,2,2,0,0,2,0,0
1571,rs8261944,7,31220797,0,2,2,0,0,0,2,0,2,0,0,0,0,0,0,2,0,2,2,0,0,2,0,0
1573,rs8251849,7,31505578,0,2,2,0,0,0,2,0,2,0,0,0,0,0,2,2,0,2,2,2,0,2,0,0
1581,rs13479194,7,37555006,0,2,2,0,0,0,2,0,2,0,0,0,0,2,2,2,0,2,2,2,0,2,0,0
1583,rs13479203,7,47173276,0,2,2,0,0,0,2,0,2,0,0,0,0,2,0,2,2,2,2,2,0,2,0,0
1588,rs6206014,7,47861154,0,2,2,0,0,0,2,0,2,0,0,0,0,0,0,2,0,2,2,2,0,2,0,0
1596,rs13479226,7,52843651,0,2,2,0,0,0,2,0,2,0,0,0,0,0,0,2,0,2,2,2,0,0,0,0
1597,rs3703247,7,53254939,0,2,0,0,0,0,2,0,2,0,0,0,0,0,0,2,0,2,2,2,0,0,0,0
1600,CEL-7_36442524,7,56254113,0,2,0,0,0,0,2,0,2,0,0,0,0,0,0,0,0,2,2,2,0,0,0,0
1613,gnf07.050.858,7,63779524,0,2,0,0,0,0,2,0,2,0,0,0,0,0,0,0,0,2,2,0,0,0,0,0
1625,rs13479305,7,73316124,0,2,0,0,0,0,2,0,2,0,0,0,0,0,0,0,0,0,2,0,0,0,0,0
1629,rs3698065,7,75261560,0,0,0,0,0,0,2,0,2,0,0,0,0,0,0,0,0,0,2,0,0,0,0,0
1630,rs6405142,7,75725583,0,0,0,0,2,0,2,0,2,0,0,0,0,0,0,0,0,0,2,0,0,0,0,0
1636,rs13479326,7,78841853,0,0,0,2,2,0,2,0,2,0,0,0,0,0,0,0,0,0,2,0,0,0,0,0
1640,D7Mit318,7,81093848,0,0,0,0,2,0,2,0,2,0,0,0,0,0,0,0,0,0,2,0,0,0,0,0
1643,rs13479339,7,81491657,0,0,0,0,2,0,2,0,2,0,0,0,0,0,0,0,0,2,2,0,0,0,0,0
1654,rs3656205,7,88680104,0,0,0,0,2,0,2,0,2,0,2,0,0,0,0,0,0,2,2,0,0,0,0,0
1662,rs13479374,7,91031062,0,0,0,0,2,0,2,2,2,0,2,0,0,0,0,0,0,2,2,0,0,0,0,0
1666,rs6394492,7,94381203,0,0,0,0,2,0,2,2,2,0,2,0,0,0,0,0,0,2,2,0,2,0,0,0
1669,rs13479392,7,95847712,0,0,0,0,2,0,2,2,2,0,2,0,0,0,0,2,0,2,2,0,2,0,0,0
1682,rs13479416,7,103132457,0,0,0,0,2,0,2,2,2,0,2,0,0,0,0,2,0,2,2,0,2,0,0,2
1698,rs13479441,7,111297536,0,0,0,0,2,0,2,2,2,0,2,0,0,0,0,2,0,0,2,0,2,0,0,2
1708,rs3686975,7,117123258,0,0,0,0,2,0,2,2,2,0,2,0,0,0,0,2,2,0,2,0,2,0,0,2
1709,rs13479460,7,118818343,0,0,0,0,2,0,2,2,2,0,2,0,0,0,0,2,2,0,2,0,1,0,0,2
1712,rs3674465,7,119879435,0,0,0,0,2,0,2,2,2,0,2,0,0,0,0,2,2,0,2,0,2,0,0,2
1714,rs6280792,7,120195001,0,0,0,0,2,0,2,2,2,0,2,0,0,0,0,2,2,0,2,0,1,0,0,2
1716,rs3657482,7,121209198,0,0,0,0,2,0,0,2,2,0,2,0,0,0,0,2,2,0,2,0,1,0,0,2
1718,rs13479470,7,121842519,0,0,0,0,2,0,0,2,2,0,2,0,0,0,0,2,2,0,2,0,2,0,0,2
1721,mCV24779699,7,122555415,0,0,0,0,2,0,0,2,2,0,2,0,0,0,0,2,2,0,2,0,0,0,0,2
1724,rs13479477,7,124381994,0,0,0,0,2,0,0,2,2,0,2,0,0,0,0,0,2,0,2,0,0,0,0,2
1732,rs6241342,7,126326146,2,0,0,0,2,0,0,2,2,0,2,0,0,0,0,0,2,0,2,0,0,0,0,2
1734,D7Mit330,7,126800204,2,0,0,0,2,0,0,2,2,0,2,0,0,0,0,0,2,0,2,0,2,0,0,2
1736,rs6322316,7,127836780,2,0,0,0,2,0,0,0,2,0,2,0,0,0,0,0,2,0,2,0,2,0,0,2
1737,rs13479522,7,136179207,2,0,0,0,2,0,2,2,2,0,2,0,0,0,2,0,2,2,2,0,2,0,2,2
1738,D7Mit371,7,139448713,2,2,0,0,2,0,2,2,2,0,2,0,0,0,2,0,2,2,2,0,2,0,2,2
1741,CEL-7_122458955,7,142026097,2,2,0,0,0,0,2,2,2,0,2,2,0,2,2,2,2,2,2,0,2,0,2,2
1745,rs6159179,7,143800091,2,2,0,0,0,0,2,2,0,0,2,2,0,0,2,2,2,2,2,0,2,0,2,2
1748,rs6392543,7,145329119,2,2,0,0,2,0,2,2,0,0,2,2,0,2,2,2,2,2,2,0,2,0,2,2
1751,rs13479559,7,146654035,2,2,0,0,2,0,2,2,0,0,2,2,0,2,2,2,2,2,2,0,2,0,2,0
1753,rs13479566,7,149648427,2,2,0,0,2,0,2,2,0,0,2,0,0,2,2,2,2,2,2,0,2,0,2,0
1757,CEL-8_7689226,8,7701082,0,0,0,0,2,2,0,2,2,2,2,2,2,0,0,0,2,0,2,0,2,0,0,2
1758,rs13479605,8,10521754,0,0,0,0,2,2,0,2,2,2,2,2,2,0,0,0,2,2,2,0,2,0,0,0
1771,rs3699118,8,18512782,0,0,0,0,0,2,0,2,2,2,2,2,2,0,0,0,2,2,2,0,2,0,0,0
1777,D8Mit95,8,25604645,0,0,0,0,2,2,0,2,2,2,2,2,2,0,0,0,2,2,2,0,2,0,0,0
1779,gnf08.023.320,8,25963094,0,0,0,0,2,2,0,2,0,2,2,2,2,0,0,0,2,2,2,0,2,0,0,0
1782,rs13479656,8,26642893,0,0,0,0,2,2,0,2,0,2,2,2,0,0,0,0,2,2,2,0,2,0,0,0
1784,CEL-8_25677705,8,28002388,0,0,0,0,2,2,0,2,0,2,2,0,0,0,0,0,2,2,2,0,2,0,0,0
1792,rs6187823,8,30936104,0,0,0,0,0,2,0,2,0,2,2,0,0,0,0,0,2,2,2,0,2,0,0,0
1818,rs3664354,8,41091727,0,0,0,0,2,2,0,2,0,2,2,0,0,0,0,0,2,2,2,0,2,0,0,0
1820,rs13479734,8,45708317,0,0,0,0,2,2,0,2,0,2,2,0,0,0,0,0,2,2,2,0,2,0,2,0
1821,rs13479735,8,46649263,0,0,0,0,2,2,0,2,0,2,2,0,0,0,0,0,2,2,2,2,2,0,2,0
1822,rs13479741,8,48186445,2,0,0,0,2,2,0,2,0,2,2,2,0,0,0,0,2,2,2,2,2,0,2,0
1823,rs3659789,8,58485097,2,0,0,0,2,2,0,2,0,2,2,2,0,0,0,0,0,2,2,2,2,0,2,2
1839,rs13479811,8,69577204,2,0,0,2,2,2,0,2,0,2,2,2,0,0,0,0,0,2,2,2,2,0,2,2
1846,rs13460430,8,72331481,2,0,0,2,2,2,0,2,0,2,2,2,0,0,0,0,0,2,2,0,2,0,2,2
1855,rs13479842,8,78352527,2,0,2,2,2,2,0,2,0,2,2,2,0,0,0,0,0,2,2,0,2,0,2,2
1859,rs3719174,8,83396538,2,0,2,2,2,2,0,2,0,2,2,2,0,0,0,0,0,2,2,0,2,0,0,2
1871,rs13479883,8,89785659,2,0,2,2,2,2,0,2,0,2,2,2,0,0,2,0,0,2,2,0,2,0,0,2
1873,rs13479891,8,90839695,2,0,2,2,2,2,0,2,0,2,2,0,0,0,2,0,0,2,2,0,2,0,0,2
1875,rs3023195,8,91144187,2,0,2,2,2,2,0,2,0,2,2,0,0,0,2,0,0,2,2,2,2,0,0,2
1884,gnf08.091.954,8,93172237,2,0,2,2,2,2,0,2,0,2,2,0,0,0,2,0,0,0,2,2,2,0,0,2
1891,rs6373291,8,96926411,2,0,2,2,0,2,0,2,0,2,2,0,0,0,2,2,0,0,2,2,2,0,0,2
1894,rs3661882,8,98812566,2,0,2,2,2,2,0,2,0,2,2,0,0,0,2,2,0,0,2,2,2,0,0,2
1896,rs6287320,8,99916724,2,0,2,2,2,2,0,2,0,2,2,0,2,0,2,2,2,0,2,2,2,0,0,2
1906,rs13479957,8,105277640,2,0,2,2,2,2,0,2,0,2,2,0,2,0,2,0,2,0,2,2,2,0,0,2
1912,rs6182338,8,109504195,2,0,2,2,2,2,0,2,0,2,2,0,2,0,2,0,2,0,2,2,0,0,0,2
1922,rs13479987,8,113843239,2,0,2,2,2,2,0,2,0,2,2,0,2,0,2,0,2,2,2,2,0,0,0,2
1924,rs13479995,8,116236688,2,0,2,2,2,2,0,0,0,2,2,0,2,0,2,0,2,2,2,2,0,0,0,2
1926,rs3700124,8,116762716,2,0,2,2,2,2,0,0,0,2,2,0,2,0,2,0,2,2,2,0,0,0,0,2
1935,rs13480011,8,120068915,2,0,2,2,2,2,0,0,0,2,0,0,2,0,2,0,2,2,2,0,0,0,0,2
1936,gnf08.119.598,8,120904595,2,0,0,2,0,2,0,0,0,2,0,0,2,0,2,0,2,2,2,2,0,0,0,2
1937,rs13480026,8,126224093,2,0,2,2,2,2,2,0,0,2,0,0,2,0,2,0,2,2,2,0,2,0,0,2
1938,rs6400423,8,129106325,2,0,2,2,2,0,2,2,0,2,0,0,2,0,2,0,2,0,2,0,2,0,0,2
1945,mCV25073238,9,10573030,0,2,2,2,2,2,2,0,0,2,2,2,2,2,0,0,2,0,0,0,0,2,0,2
1950,gnf09.010.169,9,15693673,0,2,2,2,2,2,2,0,0,2,2,2,2,2,0,0,2,0,2,0,0,2,0,2
1951,rs6183014,9,24420734,0,2,2,2,2,2,2,0,0,2,2,2,2,2,0,0,2,0,0,2,0,2,0,2
1954,CEL-9_29909656,9,29748546,0,2,2,2,2,2,2,0,0,2,2,2,2,2,0,0,2,0,2,0,0,2,0,2
1956,rs13480122,9,30964211,0,2,2,2,2,2,2,0,0,2,2,2,2,2,0,0,2,0,2,0,0,2,2,2
1965,rs6258765,9,34384237,0,2,2,2,2,2,2,0,0,2,2,2,2,2,0,0,2,0,2,0,0,2,2,0
1968,UT_9_35.918713,9,35020042,0,2,2,2,2,2,2,0,0,2,2,2,2,2,0,0,2,0,2,0,0,2,2,2
1969,rs3665911,9,35793270,0,2,2,2,2,2,2,0,0,2,2,2,2,2,0,2,2,0,2,0,0,2,2,2
1974,rs6240566,9,40268402,0,2,2,2,2,2,2,0,2,2,2,2,2,2,0,2,2,0,2,0,0,2,2,2
1978,D9Mit227,9,41298949,0,2,2,2,2,0,2,0,2,2,2,2,2,2,0,2,2,0,2,0,0,2,2,2
1985,rs13480172,9,46045437,0,2,2,2,2,0,2,0,2,2,2,2,2,2,0,0,2,0,2,0,0,2,2,2
1999,mCV23098764,9,51521230,2,2,2,2,2,0,2,0,2,2,2,2,2,2,0,0,2,0,2,0,0,2,2,2
2015,rs6224703,9,59835173,2,2,2,2,2,0,2,0,2,2,2,2,2,2,0,0,2,0,2,2,0,2,2,2
2017,rs4227706,9,62226500,2,2,0,2,2,0,2,0,2,2,2,2,2,2,0,0,2,0,2,2,0,2,2,2
2028,rs3703662,9,68191195,2,2,0,2,2,0,2,0,2,2,2,2,2,2,0,0,2,0,2,2,0,0,2,2
2032,rs6355445,9,69810186,2,0,0,2,2,0,2,0,2,2,2,2,2,2,0,0,2,0,2,2,0,0,2,2
2035,rs13459110,9,71331038,2,0,0,2,2,0,2,0,2,2,2,2,2,0,0,0,2,0,0,2,0,0,2,2
2037,rs13480268,9,72030419,2,0,2,2,2,0,2,0,2,2,2,2,2,0,0,0,2,0,0,2,0,0,2,2
2039,rs6167970,9,73368886,2,0,2,2,2,0,2,0,0,2,2,2,2,0,0,0,2,0,0,2,0,0,2,2
2053,UT_9_82.824657,9,79991492,2,0,2,2,0,0,2,0,0,2,2,2,2,0,0,0,2,0,0,2,0,0,2,2
2057,rs3673457,9,81753447,2,0,2,2,0,0,2,0,0,2,2,2,2,0,0,0,2,0,0,0,0,0,2,2
2060,UT_9_86.629631,9,83765927,2,0,2,2,0,0,2,0,0,2,2,0,2,0,0,0,2,0,0,0,0,0,2,2
2064,D9Mit11,9,86133452,2,0,2,2,0,0,2,0,0,2,2,0,2,0,0,0,0,0,0,0,0,0,2,2
2077,rs3725272,9,95050078,2,0,2,2,0,0,2,0,0,0,2,0,2,0,0,0,0,0,0,0,0,0,2,2
2082,rs13480365,9,98479730,2,0,2,2,0,0,2,0,0,0,2,0,2,0,0,0,0,0,2,0,0,0,2,2
2094,rs6205631,9,105541853,2,0,2,2,0,0,2,0,0,0,2,0,0,0,0,0,0,0,2,0,0,0,2,2
2095,rs13480398,9,105676712,2,0,2,2,0,0,0,0,0,0,2,0,0,0,0,0,0,0,2,0,0,0,2,2
2099,rs3676408,9,107733463,2,0,0,2,0,0,0,0,0,0,2,0,0,2,2,0,0,2,2,0,0,0,2,2
2101,rs13461459,9,108417200,2,2,0,2,0,0,0,0,0,0,2,0,0,2,2,0,0,2,2,0,0,0,2,2
2109,mCV22843303,9,111560313,2,2,0,2,0,0,0,0,0,0,2,0,2,2,0,0,0,2,2,0,0,0,2,0
2114,gnf09.110.002,9,113200234,0,2,0,2,0,0,0,0,0,0,2,0,2,0,0,0,0,2,2,0,0,0,2,0
2120,RBMS3_AFFY_1452761,9,116482254,0,2,0,2,0,0,0,0,0,2,0,0,2,2,0,0,0,2,2,0,0,0,2,0
2121,rs8254361,9,119247088,0,2,2,0,0,0,0,0,0,2,0,0,2,2,0,0,0,0,2,0,0,0,2,0
2129,rs13459114,9,121825028,2,2,2,0,0,0,0,0,0,2,0,0,2,2,0,0,0,0,2,0,0,0,2,0
2133,rs8254393,9,123878248,2,2,0,0,0,0,0,0,0,2,0,0,2,2,0,0,0,0,2,0,0,0,2,0
2135,rs3721803,10,3342586,2,2,0,2,0,0,0,0,0,0,2,2,0,2,0,2,0,0,2,2,0,0,0,2
2140,D10Mit28,10,9133173,2,2,0,2,0,0,0,0,0,0,2,2,0,2,0,2,0,0,2,2,0,1,0,2
2141,rs3664101,10,9329071,2,2,0,2,0,0,2,0,0,0,2,2,0,2,0,2,0,0,2,2,0,2,0,2
2147,rs4228121,10,13407602,2,2,0,2,0,0,2,0,0,0,2,2,0,0,0,2,0,0,2,2,0,2,0,2
2151,CEL-10_14286032,10,14292789,2,2,0,2,0,0,2,0,0,0,2,2,0,0,0,2,0,0,2,2,2,2,0,2
2153,rs3712394,10,17663357,2,2,0,2,0,0,2,0,0,0,2,0,0,0,0,2,0,0,2,2,2,2,0,2
2158,rs3688363,10,19804440,2,2,0,2,0,0,2,0,0,0,2,0,2,0,0,2,0,0,2,2,2,2,0,2
2162,gnf10.025.923,10,27727882,2,2,0,0,0,0,0,0,0,0,2,0,2,2,0,2,0,0,2,2,2,2,0,2
2164,rs6391751,10,28169620,2,2,0,0,0,0,0,0,2,0,2,0,2,2,0,2,0,0,2,2,2,2,0,2
2171,rs13480570,10,30725948,0,2,0,0,0,0,0,0,2,0,2,0,2,2,0,2,0,0,2,2,2,2,0,2
2178,rs13480601,10,44026225,0,2,0,2,0,0,0,0,2,0,2,0,2,2,0,2,0,0,2,2,2,2,0,2
2180,CEL-10_46671493,10,46420571,0,0,0,2,0,0,0,0,2,0,2,0,2,2,0,2,0,0,2,2,2,2,0,2
2186,rs13480619,10,57472268,0,2,0,2,0,0,0,0,2,2,2,0,2,2,0,2,0,0,2,2,2,2,0,2
2190,rs13480625,10,64173095,0,2,0,2,0,0,0,0,2,2,2,0,2,2,0,2,0,0,2,0,2,2,0,2
2191,rs13480629,10,67079061,0,2,0,2,0,0,0,0,2,2,0,0,2,2,0,2,0,0,2,0,2,2,0,2
2197,rs13480638,10,68907415,0,2,0,2,0,0,0,0,2,2,0,0,2,2,2,2,0,0,2,0,2,2,0,2
2199,CEL-10_71736974,10,71420727,0,2,2,2,0,0,0,0,2,2,0,0,2,2,2,2,0,0,2,0,2,2,0,2
2214,CEL-10_86185623,10,85914426,0,2,2,2,0,2,0,0,2,2,2,0,2,2,2,2,0,0,2,0,2,2,0,2
2217,CEL-10_87391383,10,87106144,0,2,2,2,0,2,0,0,2,2,2,0,2,2,2,2,0,0,2,2,2,2,0,2
2231,rs13480733,10,101577654,0,2,2,0,0,2,0,0,2,2,2,0,2,2,2,2,0,0,2,2,2,2,0,2
2232,rs13480734,10,101838025,0,2,2,0,0,2,0,0,0,2,2,0,2,2,2,2,0,0,2,2,2,2,0,2
2237,rs6283474,10,105018387,0,2,2,0,0,0,0,0,0,2,2,0,2,2,2,2,0,0,2,2,2,2,0,2
2251,rs4228477,10,114515890,0,2,2,0,0,0,0,0,0,2,2,2,2,2,2,2,0,0,2,2,2,2,0,2
2254,rs13480778,10,116782073,0,2,2,0,0,0,0,0,0,2,2,2,2,2,2,2,0,2,0,2,2,2,0,2
2256,mCV25264026,10,118418862,0,2,2,0,0,0,0,2,0,2,2,2,2,2,2,2,0,0,0,2,2,2,0,2
2258,rs6317716,10,118914359,0,2,2,0,0,0,0,2,0,2,2,2,2,2,2,2,0,2,0,2,2,2,0,2
2264,rs6197175,10,120131018,0,2,2,0,0,0,0,2,0,2,2,2,2,2,0,2,0,2,2,2,2,2,0,2
2268,rs13480796,10,121262478,0,2,2,0,0,0,0,0,0,2,2,2,2,2,0,2,0,2,2,2,2,2,0,2
2270,rs13480802,10,122450478,0,2,2,0,0,2,0,0,0,2,2,2,2,2,0,2,0,2,2,2,2,0,0,2
2282,rs3659787,11,4408732,0,0,2,0,2,0,0,2,2,0,2,0,0,0,0,2,2,2,2,0,2,0,0,2
2283,rs3714397,11,8736728,0,0,2,0,2,0,0,2,2,0,2,0,0,0,2,2,2,2,2,0,0,0,0,2
2286,rs3023249,11,11071146,0,0,2,0,2,0,0,2,2,0,2,0,0,2,2,2,2,2,2,0,0,0,0,2
2305,D11Mit79,11,19645820,0,2,2,0,2,0,0,2,2,0,2,0,0,2,2,2,2,2,2,0,0,0,0,2
2309,rs3023251,11,20853304,0,2,2,0,2,0,0,2,2,0,2,2,0,2,2,2,2,2,2,0,2,0,0,2
2311,rs6283329,11,22928398,0,2,2,0,2,0,0,2,2,0,2,2,0,0,2,2,2,2,2,0,2,0,0,2
2313,rs3677232,11,24572749,0,2,2,0,0,0,0,2,2,0,2,2,0,0,2,2,2,2,2,0,2,0,0,2
2323,rs13480935,11,29456156,0,2,2,0,0,0,0,2,2,0,2,2,0,0,2,2,0,2,2,0,2,0,0,2
2325,rs13480937,11,30059387,0,2,2,0,0,0,0,2,2,0,2,2,0,0,2,2,2,2,2,0,2,0,0,2
2327,rs13480951,11,33538734,2,2,2,0,0,0,0,2,2,0,2,2,0,0,2,2,2,2,2,0,2,0,0,2
2331,D11Mit231,11,35501291,2,2,2,0,0,0,0,2,2,0,2,0,0,0,2,2,2,2,2,0,2,0,0,2
2338,rs3693664,11,42185502,2,2,2,0,0,0,2,2,2,0,2,0,0,0,2,2,2,2,2,0,2,0,0,2
2348,rs13481014,11,47930884,2,2,2,0,0,0,2,2,2,0,2,0,0,0,0,2,2,2,2,0,2,0,0,2
2349,rs13481018,11,50196764,2,2,2,0,0,0,2,2,2,2,2,0,0,0,0,2,2,2,2,0,2,0,0,2
2351,rs13481021,11,50920755,2,2,2,0,0,0,2,2,2,2,2,0,2,0,0,2,2,2,2,0,2,0,0,2
2357,gnf11.055.501,11,53734269,2,2,2,0,0,0,2,2,2,2,0,0,2,0,0,2,2,2,2,0,2,0,0,2
2359,rs4228731,11,55208056,2,2,2,0,0,0,2,2,2,2,0,0,2,0,0,2,2,2,2,0,2,0,0,0
2363,rs13481041,11,56515096,2,2,2,0,0,0,2,2,2,2,0,2,2,0,0,2,2,2,2,0,2,0,0,0
2372,mCV24123456,11,62065414,2,2,2,0,0,0,2,2,2,2,0,2,2,0,0,2,2,0,2,0,2,0,0,0
2376,rs3695202,11,64515287,0,2,2,0,0,0,0,2,0,2,0,2,2,0,0,2,2,2,2,0,2,0,0,0
2390,rs13481087,11,69415411,0,2,2,0,0,0,0,2,0,2,0,2,2,0,0,2,2,0,2,0,2,0,0,0
2399,rs13481099,11,73923769,0,2,2,0,0,0,0,2,0,2,0,2,2,0,0,0,2,0,2,0,2,0,0,0
2401,gnf11.079.978,11,75282894,0,2,2,0,0,0,0,2,2,2,0,2,2,0,0,0,2,0,2,0,2,0,0,0
2403,rs3662476,11,76761052,0,2,2,0,0,0,2,2,2,2,0,2,2,0,0,0,2,0,2,0,2,0,0,0
2405,rs13481117,11,79065732,2,2,2,0,0,0,2,2,2,2,0,2,2,0,0,0,2,0,2,0,2,0,0,0
2406,rs13481119,11,79360701,2,2,0,0,0,0,2,2,2,2,0,2,2,0,0,0,2,0,2,0,2,0,0,0
2407,rs13481123,11,82070986,0,2,0,0,2,0,2,0,2,2,0,2,2,0,0,0,2,0,2,0,2,0,0,0
2409,rs13481128,11,83521936,0,2,0,0,2,0,2,0,2,2,0,2,2,0,0,0,2,0,2,0,0,0,0,0
2422,rs13481150,11,89612737,0,2,0,2,2,0,2,0,2,2,0,2,2,0,2,0,2,0,2,0,0,0,0,0
2430,rs13481156,11,90664417,0,2,0,2,2,0,2,0,2,2,0,2,2,0,2,0,2,0,2,0,0,2,0,0
2432,rs13481170,11,95489416,0,2,2,2,2,0,0,0,2,2,0,2,2,0,2,0,2,0,2,0,0,2,0,0
2436,rs6236574,11,97970259,0,2,2,2,2,0,0,0,2,2,0,2,2,0,0,0,2,0,2,0,0,2,0,2
2438,rs13481180,11,98624973,0,2,2,2,2,0,0,0,2,2,0,2,2,0,0,0,2,0,2,0,2,2,0,2
2439,rs3661058,11,98780755,0,2,2,2,2,0,0,0,2,2,0,2,2,0,0,0,0,0,2,0,2,2,0,2
2443,rs13481186,11,100224674,0,2,2,2,2,0,0,0,2,0,0,2,2,0,0,0,0,0,2,0,2,2,0,2
2446,rs13459133,11,101318783,0,2,2,2,2,0,0,0,2,0,2,2,2,0,0,0,0,0,2,0,2,2,0,2
2447,rs13481194,11,101460336,2,2,2,2,2,0,0,0,2,0,2,2,2,0,0,0,0,0,2,0,2,0,0,2
2453,rs3690511,11,103578808,2,2,2,2,2,0,0,0,2,0,2,2,2,0,0,0,2,0,2,0,2,0,0,2
2454,rs3723163,11,103840961,2,2,2,2,2,0,0,0,0,0,2,2,2,0,0,0,2,0,2,0,2,0,0,2
2460,CEL-11_106337425,11,106527614,2,2,2,2,2,0,0,0,0,0,2,2,2,0,0,0,0,0,2,0,2,0,0,2
2472,rs13481243,11,114532622,2,2,2,2,2,0,2,2,0,2,0,0,2,0,0,0,0,0,2,0,2,0,0,2
2477,gnf11.125.992,11,117108177,2,2,2,2,2,0,2,2,0,2,0,0,2,0,2,0,0,0,2,0,2,2,0,2
2490,CEL-11_121219118,11,121409303,2,2,2,2,2,0,2,2,0,2,0,0,2,0,2,0,0,0,2,0,0,2,0,2
2491,rs13481282,12,5951281,2,2,0,2,2,0,2,2,2,0,2,0,2,2,2,0,0,2,2,2,2,2,2,0
2493,rs3688676,12,10227154,0,2,0,2,2,0,2,2,2,0,0,0,2,2,2,0,0,2,2,2,2,2,2,0
2495,rs3665012,12,10538357,0,2,0,2,2,2,2,0,2,0,0,0,2,2,2,0,0,2,2,2,2,2,2,0
2500,rs13481313,12,14876064,0,2,0,2,2,2,2,0,2,0,0,0,2,2,2,0,0,0,2,2,2,2,2,2
2505,rs6180964,12,16835276,0,2,0,2,2,2,2,0,0,0,0,0,2,2,2,0,0,0,2,2,2,2,2,2
2507,rs3665818,12,26165834,0,2,0,0,2,2,2,0,0,0,0,0,2,2,2,0,0,0,2,2,2,2,2,2
2509,rs4229294,12,26992470,0,2,0,0,2,2,2,2,0,0,0,0,2,2,2,0,0,0,2,2,2,2,2,2
2512,rs6238712,12,28507708,0,2,0,0,2,0,2,2,0,0,0,0,2,2,2,0,0,0,2,2,2,2,2,2
2516,rs13481365,12,29344231,0,2,0,0,2,0,2,0,0,0,0,0,2,2,2,0,0,0,2,2,2,2,2,2
2520,rs3707174,12,30398066,0,2,0,0,2,0,2,0,2,0,0,0,2,2,2,0,0,2,2,2,2,2,2,2
2522,rs13481371,12,30883464,0,2,0,0,2,0,2,0,2,0,0,2,2,2,2,0,0,2,2,2,2,2,2,2
2524,rs6225272,12,31568401,0,2,0,0,2,0,2,0,2,0,0,2,2,2,2,1,0,2,2,2,2,2,2,2
2525,rs13481388,12,35446738,0,2,0,0,2,0,2,0,0,0,0,2,2,2,2,2,0,2,2,2,2,2,2,2
2528,gnf12.033.545,12,35806047,2,2,0,0,2,0,2,0,0,0,0,2,2,2,2,2,0,2,2,2,2,2,2,2
2530,rs13481392,12,36311421,0,2,0,0,2,0,2,0,0,0,0,2,2,2,2,2,0,2,2,2,2,2,2,2
2532,gnf12.035.312,12,37595107,0,2,0,0,2,0,0,0,0,0,0,2,2,2,2,0,2,2,2,2,2,2,2,2
2541,rs3686437,12,45826230,0,2,0,0,2,0,0,0,0,0,0,2,0,2,2,0,2,2,2,2,2,2,2,2
2542,rs13481425,12,46008977,0,2,0,2,2,0,0,0,0,0,0,2,0,2,2,0,2,2,2,2,2,2,2,2
2543,rs13481426,12,46245577,0,2,0,2,2,0,0,0,0,0,0,2,0,2,2,0,2,2,2,2,2,2,2,0
2551,gnf12.047.285,12,50066537,0,2,0,2,2,0,0,0,0,0,0,2,0,2,2,2,2,2,2,2,2,2,2,0
2552,rs13481455,12,53911048,0,0,0,2,2,0,0,2,0,0,0,2,0,2,2,2,2,2,2,2,2,2,2,0
2553,rs13481462,12,55741344,2,0,0,2,2,0,0,2,0,0,2,2,0,2,2,2,2,2,2,0,2,2,2,0
2563,rs3664781,12,60476553,0,0,0,2,2,0,0,2,0,0,2,2,0,2,2,2,2,2,2,0,2,2,2,0
2566,rs3707833,12,65130808,0,0,0,2,2,0,0,2,0,0,0,2,0,2,2,2,2,2,2,0,2,2,2,0
2568,rs3716547,12,68669116,0,0,0,2,2,0,0,2,0,0,0,2,0,2,2,2,2,2,2,0,0,2,2,0
2574,CEL-12_65980962,12,71817799,0,0,0,2,0,0,0,2,0,0,0,2,0,2,2,2,2,2,2,0,0,2,2,0
2577,rs6346026,12,76103691,0,0,0,2,2,0,2,0,0,0,0,2,0,2,2,2,2,2,2,0,0,2,2,0
2579,rs13481537,12,76832203,0,0,0,2,2,0,2,0,0,0,0,0,0,2,2,2,2,2,2,0,0,2,2,0
2584,gnf12.078.433,12,81069516,0,0,0,2,0,0,2,2,0,0,0,0,0,0,2,2,0,2,2,0,0,2,2,0
2586,rs6170344,12,82689782,0,0,0,2,0,0,2,2,0,0,0,0,0,0,2,2,0,2,2,0,0,0,2,0
2588,gnf12.081.318,12,83974583,0,0,0,2,0,0,2,2,0,0,0,2,0,0,2,2,0,2,2,0,0,0,2,0
2589,rs13481565,12,85117957,0,0,0,2,0,0,2,2,0,0,0,2,0,0,2,2,0,2,2,0,0,0,0,0
2590,rs13481566,12,85872821,0,0,0,2,0,0,2,2,0,0,0,2,0,2,2,2,0,0,2,0,0,0,2,0
2591,rs13481569,12,86986286,0,0,0,2,0,0,2,2,0,0,0,2,0,2,2,2,0,2,2,0,0,0,2,0
2592,gnf12.084.566,12,87446647,0,0,0,2,0,0,2,2,0,0,0,2,0,2,2,2,0,2,2,2,0,0,2,0
2595,rs13481580,12,90148750,0,0,0,2,0,0,2,0,0,0,0,2,0,2,2,2,0,2,2,2,0,0,2,0
2605,CEL-12_87170441,12,93806462,0,0,0,2,0,0,2,0,0,0,2,2,0,2,2,2,0,2,2,2,0,0,2,0
2607,rs13481599,12,97343222,0,0,0,2,0,0,2,0,0,0,2,2,0,2,2,2,0,2,2,2,2,0,2,0
2609,rs13481611,12,100818237,0,0,0,2,0,0,0,0,0,0,0,2,0,0,2,2,0,0,2,2,0,0,2,0
2611,D12Mit231,12,101804026,0,0,0,2,0,0,0,0,0,2,0,2,0,0,2,2,0,0,2,2,0,0,2,0
2616,rs13481617,12,103658502,0,0,2,2,0,0,0,0,0,2,0,2,0,0,2,2,0,0,2,2,0,0,2,0
2618,rs13481620,12,104269892,0,0,2,2,2,2,0,0,0,2,0,2,0,0,2,2,0,0,2,2,0,0,2,0
2621,rs8273308,12,105632191,0,0,2,2,2,2,0,2,0,2,0,2,0,0,2,2,0,0,2,2,0,0,2,0
2624,rs13481630,12,106753156,0,0,2,2,2,2,2,2,0,2,0,2,0,0,2,2,0,2,2,2,0,0,2,0
2627,rs13481636,12,108786162,0,0,2,0,2,2,2,2,0,2,0,0,0,0,2,2,0,2,2,2,0,0,2,0
2630,rs13481641,12,109609891,0,0,2,0,2,2,2,0,0,2,0,0,0,0,2,2,0,2,2,2,0,0,2,0
2632,rs13481643,12,110330976,0,0,2,0,2,2,2,2,0,2,0,0,0,0,2,2,0,2,2,2,0,0,2,0
2637,D12Mit280,12,112417841,0,0,2,0,2,2,2,0,0,2,0,0,0,0,2,2,0,2,2,2,0,0,2,0
2640,rs4229611,12,114496727,0,0,2,0,2,2,2,0,0,2,2,0,0,0,2,2,0,2,2,2,0,2,2,0
2642,CEL-12_108727612,12,115166913,0,0,2,0,2,2,2,0,0,2,2,0,0,0,0,2,0,2,2,2,0,2,2,0
2653,rs13459139,13,12155224,2,0,0,0,0,0,2,2,2,0,2,0,0,2,0,0,2,0,2,0,0,2,0,0
2665,rs3676630,13,20529561,2,0,0,0,0,0,2,2,2,0,2,0,0,2,2,0,2,0,2,0,0,2,0,0
2670,rs13481728,13,22490836,2,0,0,0,0,0,2,2,2,0,2,0,0,2,2,0,2,0,2,2,0,2,0,0
2672,rs13481740,13,30769381,0,2,0,0,0,0,2,2,2,0,2,0,0,2,2,2,0,0,2,2,0,2,0,0
2681,rs4229685,13,35965561,0,2,0,0,0,2,2,2,2,0,2,0,0,2,2,2,0,0,2,2,0,2,0,0
2683,CEL-13_38785537,13,39434861,0,2,0,0,0,2,2,2,2,0,2,0,0,0,2,2,0,0,2,2,0,2,0,0
2684,rs3701164,13,39899433,0,2,0,0,0,2,2,2,0,0,2,0,0,0,2,2,0,0,2,2,0,2,0,0
2690,rs6196305,13,45402973,0,2,0,0,2,2,2,2,0,2,0,0,2,0,2,2,0,0,2,2,0,2,0,0
2691,rs3688207,13,45454657,0,2,0,0,2,2,2,2,0,2,0,0,2,0,2,2,0,2,2,2,0,2,0,0
2693,rs3725387,13,45997092,0,2,0,0,2,2,2,2,0,2,0,0,2,0,2,2,0,2,2,2,2,2,0,0
2700,rs6209128,13,52866222,0,2,2,0,2,2,2,2,0,2,0,0,2,0,2,2,0,2,2,2,2,2,0,0
2702,rs13481817,13,54980447,0,2,2,0,2,0,2,2,2,2,0,0,2,0,2,2,0,2,2,2,0,2,0,0
2717,rs13481845,13,63061924,0,2,2,0,2,2,2,2,2,2,0,0,2,2,2,2,0,2,2,2,0,2,0,0
2728,rs13481861,13,68711508,0,2,2,0,2,2,2,2,2,2,0,0,2,2,2,2,0,0,2,2,0,2,0,0
2733,rs13481870,13,71140974,2,2,2,0,2,2,2,2,2,2,0,0,2,2,2,2,0,0,2,2,0,2,0,0
2734,rs13481874,13,73106373,2,2,2,0,2,2,2,2,2,2,0,0,2,2,2,0,0,2,2,2,0,2,0,0
2735,rs3664096,13,75901604,2,2,0,0,2,2,2,2,2,2,0,0,2,2,2,0,0,2,2,2,2,2,0,0
2740,rs13481905,13,81246254,2,2,0,0,2,2,2,2,2,2,0,0,2,2,2,2,0,2,2,2,2,2,0,0
2741,rs3686754,13,81993957,2,2,0,0,2,2,2,2,2,2,0,0,2,0,2,2,0,2,2,2,2,2,0,0
2743,rs3669221,13,83876593,2,2,0,0,2,2,2,2,2,2,0,0,2,2,2,2,0,2,2,2,2,2,0,0
2744,mCV24625340,13,84841126,2,2,0,0,2,2,2,2,2,2,0,0,2,2,2,2,0,2,2,2,0,2,2,0
2753,rs6328703,13,91841957,2,2,0,0,2,2,2,2,2,2,0,0,2,2,2,2,0,2,2,2,0,2,0,0
2759,rs13481955,13,96226477,2,2,0,0,2,2,2,2,2,2,0,2,2,2,2,2,0,2,2,2,0,2,0,0
2765,rs13481964,13,98551175,2,2,2,0,2,2,2,2,2,2,0,2,2,2,2,2,0,2,2,2,0,2,0,0
2778,rs3688959,13,103899453,2,2,2,0,2,2,2,2,2,2,0,2,2,2,2,2,0,2,2,2,0,2,0,2
2780,D13Mit270,13,105974918,2,0,2,0,2,2,2,2,2,2,0,2,2,2,2,2,0,2,2,2,0,2,0,2
2788,rs3679406,13,108472544,2,0,2,0,2,2,2,0,2,2,0,2,2,2,2,2,0,2,2,2,0,2,0,2
2796,rs13482010,13,111231270,2,0,2,0,2,2,2,0,0,2,0,2,2,2,2,2,0,2,2,2,0,2,0,2
2798,rs13482013,13,111811238,2,0,2,0,2,2,2,0,0,2,0,0,0,2,2,2,0,2,2,2,0,2,0,2
2802,rs13482018,13,113426472,2,0,2,0,2,2,0,0,0,2,0,0,0,2,2,2,0,2,2,2,0,2,0,2
2806,rs3724755,13,116238014,0,0,2,0,2,2,0,0,0,2,0,0,0,2,0,2,0,2,2,2,0,2,0,2
2811,rs3657414,13,117326958,0,0,2,0,2,2,0,0,0,2,0,0,0,2,0,0,0,2,2,2,0,2,0,2
2813,rs13482033,13,118393790,0,0,2,2,2,2,0,0,0,2,0,0,0,2,0,0,0,2,2,2,0,2,0,2
2815,rs13482038,13,120059029,2,0,2,2,2,2,2,0,0,2,0,0,0,2,0,0,0,2,2,2,0,2,0,2
2818,rs3710916,14,8852064,2,2,2,0,2,2,0,0,0,2,2,2,2,0,0,0,2,2,2,0,0,0,2,2
2826,gnf14.013.298,14,20733677,2,2,2,0,2,2,0,0,0,0,2,2,2,0,0,0,2,2,2,0,0,0,2,2
2834,rs13482122,14,31832137,0,2,2,2,2,2,0,0,2,0,2,2,0,0,0,0,2,2,2,0,0,0,2,2
2844,rs13482141,14,39961749,0,2,2,2,2,2,0,0,2,0,2,2,0,0,0,0,2,2,2,0,2,0,2,2
2848,rs6314716,14,41430491,0,2,2,2,2,2,0,0,2,2,2,2,0,0,0,0,2,2,2,0,2,0,2,2
2850,rs13482156,14,45858402,0,2,2,2,2,2,2,0,2,2,2,2,0,0,0,0,2,2,2,0,2,0,2,2
2861,rs6278789,14,50409368,0,2,2,2,2,2,2,0,2,2,2,2,0,0,0,0,2,2,2,0,2,2,2,2
2877,rs3692863,14,59434131,0,2,2,2,2,2,0,0,2,2,2,2,0,0,0,0,2,2,2,0,2,2,2,2
2889,rs13482218,14,63105548,0,2,2,2,2,2,0,0,2,2,0,2,0,0,0,0,2,2,2,0,2,2,2,2
2893,rs13482225,14,65324729,0,2,2,2,2,2,0,0,2,2,0,2,0,0,0,0,2,0,2,0,2,2,2,2
2903,rs3723413,14,71665657,0,2,2,2,2,2,0,0,2,2,0,2,0,0,0,0,2,0,2,2,2,2,2,2
2908,rs13482251,14,73363689,0,2,2,2,2,2,0,0,2,0,0,2,0,0,0,0,2,0,2,2,2,2,2,2
2914,gnf14.069.419,14,75319187,0,0,2,2,2,2,0,0,2,0,0,2,0,0,0,0,2,0,2,2,2,2,2,2
2917,rs13482263,14,78783158,0,0,2,2,2,2,0,0,2,0,0,2,0,2,0,0,2,0,2,2,2,2,2,2
2921,rs6352085,14,80081344,0,2,2,2,2,2,0,0,2,0,0,2,0,2,0,0,2,0,2,2,2,2,2,2
2927,rs13482276,14,84040443,0,2,2,2,2,2,0,0,2,0,0,2,0,2,0,0,2,0,2,2,0,2,2,2
2933,UT_9_81.82101,14,89911437,0,2,2,2,2,2,0,0,2,2,0,2,0,2,0,0,2,0,2,2,0,2,2,2
2938,rs13482313,14,94110424,0,2,2,2,2,2,0,0,2,0,0,2,0,2,0,0,2,0,0,2,0,1,2,2
2942,gnf14.093.344,14,98076987,0,2,2,2,2,2,0,0,2,0,0,2,0,2,0,0,2,0,0,2,0,2,2,2
2947,rs3692362,14,100175288,0,2,2,2,2,0,0,0,2,0,0,2,0,2,0,0,2,0,0,2,0,2,2,2
2950,rs13482338,14,101113741,0,2,2,2,2,0,0,0,2,2,0,2,0,2,0,0,2,0,0,2,0,2,2,2
2956,rs13482354,14,106286763,0,2,2,2,2,2,0,0,2,2,0,2,0,2,0,0,2,0,0,2,0,2,2,2
2962,rs4139535,14,109988359,0,2,2,2,2,2,0,0,2,2,0,2,0,2,2,0,2,0,0,2,0,2,2,2
2973,CEL-14_110783830,14,118861655,0,2,2,2,0,2,2,0,2,2,0,2,0,2,2,0,2,0,0,2,0,2,2,2
2979,rs13482396,14,119710570,0,2,0,2,0,2,2,0,2,2,0,2,0,2,2,0,2,0,0,2,0,0,2,2
2982,rs6265743,14,120110881,2,2,0,2,0,2,2,0,2,2,0,2,0,2,2,0,2,0,0,2,0,0,2,2
2984,rs3691815,14,120756588,2,2,0,2,0,2,2,0,2,2,0,2,0,2,2,0,2,2,0,2,0,0,2,2
2986,CEL-14_116404928,14,124508019,2,2,0,2,0,2,2,2,2,2,0,2,0,2,2,0,2,2,0,2,0,0,2,2
2987,rs13459176,15,3229129,0,2,0,0,2,0,0,0,2,0,2,0,2,0,2,2,0,0,0,0,0,0,0,2
2992,rs13482420,15,8249030,0,0,0,0,2,0,0,0,2,0,2,0,2,0,2,2,0,0,0,0,2,2,0,2
2994,rs13482436,15,12602461,0,2,0,0,2,0,0,0,2,0,2,0,2,0,2,2,0,0,0,2,2,0,0,2
3036,rs13482547,15,45108963,0,2,0,0,2,0,0,0,2,0,2,0,2,0,2,2,0,2,0,2,2,2,0,2
3044,rs13459191,15,51799442,0,2,0,0,2,0,0,0,2,0,2,2,2,0,2,2,0,2,0,2,2,2,0,2
3050,rs3702158,15,56992040,0,2,0,2,2,0,0,0,2,0,2,2,2,0,2,2,0,2,0,2,2,2,0,2
3051,rs13482605,15,62052932,0,0,0,2,2,0,0,0,2,0,2,2,2,0,2,2,0,2,0,2,2,2,2,2
3054,rs13482609,15,63151782,0,0,0,2,2,0,0,0,2,0,2,2,2,0,2,2,0,2,0,2,2,2,2,0
3056,D15Mit63,15,65076746,0,0,0,2,2,0,0,2,2,0,2,2,2,0,2,2,0,2,0,2,2,2,2,0
3074,rs6342608,15,77990182,0,0,0,2,2,0,0,2,2,0,2,0,2,0,2,2,0,2,0,2,2,2,2,0
3078,rs4230869,15,79503135,0,2,0,2,2,0,0,2,2,0,2,0,2,0,2,2,0,2,0,2,2,2,2,0
3079,rs4230879,15,79746550,0,2,0,2,2,0,0,2,2,0,2,2,2,0,2,2,0,2,0,2,2,2,2,0
3083,D15Mit189,15,82471605,0,2,0,2,2,0,0,2,2,0,2,2,2,0,2,2,0,2,2,2,2,2,2,0
3085,rs13482677,15,82944825,0,2,0,2,2,0,0,2,0,0,2,0,2,0,2,2,0,2,2,2,2,2,2,0
3094,rs13482689,15,86437548,0,2,0,2,2,0,0,2,0,0,2,0,2,0,0,2,0,2,2,2,2,2,2,0
3098,rs3710055,15,87788314,0,2,0,2,2,0,0,2,0,0,2,0,2,0,2,2,0,2,2,2,2,2,2,0
3108,rs3717268,15,90759412,0,0,0,2,2,0,0,2,0,0,2,0,2,0,2,2,0,2,2,2,2,2,2,0
3115,rs13482715,15,92839469,0,0,0,2,2,0,2,2,0,0,2,0,2,0,2,2,0,2,2,2,2,2,2,0
3117,CEL-15_93879270,15,93284539,0,0,0,2,0,0,2,2,0,0,2,0,2,0,2,2,2,2,2,2,2,2,2,0
3119,rs3657232,15,94145736,0,0,0,2,2,0,2,2,0,0,2,0,2,0,2,2,2,2,2,2,2,2,2,0
3121,rs13482723,15,94999572,0,0,0,2,2,0,2,2,0,0,2,0,2,0,2,2,2,2,2,2,2,2,0,0
3124,rs13482726,15,95780106,0,0,0,2,2,0,2,2,0,0,2,0,2,0,2,2,2,2,2,0,2,2,0,0
3125,rs3688273,15,96031091,0,0,0,2,2,0,2,2,0,0,2,0,2,0,2,2,2,0,2,0,2,2,0,0
3127,rs3710056,15,97406702,0,0,0,2,2,0,2,2,0,0,2,0,2,0,2,0,2,0,2,0,2,2,0,0
3132,rs3686133,15,102190853,2,0,0,2,2,0,2,2,0,0,2,0,2,0,2,0,2,0,2,0,2,2,0,0
3135,rs13482752,15,102995105,2,0,0,2,2,0,2,2,0,0,2,2,2,0,2,0,2,0,2,0,2,2,0,0
3137,rs4153199,16,5651738,0,2,2,0,0,2,0,0,2,0,2,2,0,2,0,2,2,0,2,2,2,2,0,0
3144,rs4161101,16,10701009,0,2,2,0,0,2,0,0,2,0,2,2,0,2,0,2,2,0,2,2,2,2,0,2
3150,rs4163042,16,13142434,0,2,2,0,0,2,0,0,2,0,2,2,0,2,0,0,2,0,2,2,2,2,0,2
3159,rs4165065,16,17412172,0,2,2,0,0,2,0,0,2,2,2,2,0,2,0,0,2,2,2,2,2,2,0,2
3160,rs4165069,16,17663456,0,2,2,0,0,2,0,0,2,2,2,2,0,2,0,0,2,0,2,2,2,2,0,2
3161,rs4165081,16,19883171,0,2,2,0,2,2,0,0,2,2,2,2,0,2,0,0,2,0,2,2,2,2,0,0
3162,rs4165279,16,21323714,0,2,2,0,0,2,0,0,2,2,2,2,0,2,2,0,2,0,2,0,2,2,0,0
3164,rs4165287,16,22028919,0,2,2,0,0,2,0,0,2,2,2,2,0,2,2,0,2,2,2,0,2,2,0,0
3165,rs4165334,16,23467678,0,2,2,0,0,2,0,0,2,2,0,2,0,2,2,0,2,2,2,0,2,2,0,2
3167,rs4165425,16,23797302,0,2,2,0,0,2,0,0,2,2,0,2,0,2,2,0,2,2,2,0,2,2,0,0
3169,rs4165503,16,27062966,0,2,2,2,0,2,0,0,0,2,0,2,0,2,2,0,2,2,2,0,2,2,2,0
3171,rs4165676,16,27498200,0,0,0,2,0,2,0,0,0,2,0,2,0,2,2,0,2,2,2,0,2,2,2,0
3177,rs4169271,16,31615882,0,0,0,2,0,2,0,0,0,2,0,2,0,2,2,0,2,2,2,0,0,2,2,0
3186,rs4171932,16,34308446,0,0,0,2,0,2,0,0,0,2,0,2,0,2,2,0,2,2,0,0,0,2,2,0
3192,rs4173858,16,36613089,0,0,0,2,0,2,0,0,0,2,0,2,0,2,2,0,2,2,2,0,0,2,2,0
3193,rs4173870,16,36946777,0,0,0,2,0,2,0,0,0,2,0,2,0,2,2,0,2,0,2,0,0,2,2,0
3204,rs3663871,16,41688007,0,0,0,2,0,2,0,0,0,2,0,2,0,0,2,0,2,0,2,0,0,2,2,0
3212,rs4186283,16,51051260,0,0,0,2,0,2,0,0,0,2,0,0,2,0,2,0,2,0,2,0,0,2,0,0
3230,rs4193194,16,61491009,0,0,0,2,0,2,0,0,0,2,0,0,2,0,0,0,2,0,2,0,0,2,0,0
3232,rs3693435,16,62269532,0,0,0,2,0,2,0,0,0,2,0,2,2,0,0,0,2,0,2,0,0,2,0,0
3234,rs4151935,16,63772941,0,0,0,2,0,2,0,0,2,2,0,2,2,0,0,0,2,0,2,0,2,2,0,2
3244,rs4199044,16,69289858,0,0,0,2,0,2,0,0,2,2,0,2,2,0,2,0,2,0,2,0,2,2,2,0
3245,rs4199265,16,69802969,0,0,0,0,0,2,0,0,2,2,0,2,0,0,2,0,2,0,2,0,2,2,2,0
3247,rs4199410,16,70195004,0,0,0,0,0,2,2,0,2,2,0,2,0,0,2,0,2,0,2,0,2,2,2,0
3249,rs3656776,16,73748202,0,2,0,0,0,2,2,0,2,2,0,2,0,2,2,0,2,0,2,0,2,2,2,0
3253,rs4205157,16,74917948,0,2,0,2,0,2,2,0,2,2,0,2,0,2,2,0,2,0,2,0,2,2,2,0
3257,rs4206648,16,76657843,0,2,0,2,0,2,2,0,0,2,0,2,0,2,2,0,2,0,2,0,2,2,2,0
3259,rs4207980,16,78133532,0,2,0,2,0,2,2,0,2,2,0,2,0,2,2,0,2,0,2,0,2,2,2,0
3261,rs4209059,16,79253232,0,2,0,0,0,2,2,0,2,2,0,2,0,2,2,0,2,0,2,0,2,2,2,0
3267,rs4212088,16,85087449,0,2,0,0,0,2,0,0,2,2,0,2,2,2,2,0,2,0,2,0,2,2,2,0
3270,rs4213015,16,86161604,0,2,0,0,0,2,2,0,2,2,0,2,2,2,2,0,2,0,2,0,2,2,2,0
3272,rs4213255,16,86457838,0,0,0,0,0,2,2,0,2,0,0,2,2,2,2,0,2,0,2,0,2,2,2,0
3274,rs4214924,16,88033028,0,0,0,0,2,2,0,0,2,0,0,2,0,2,2,0,2,0,2,0,2,2,2,0
3276,rs4215932,16,88934053,0,0,0,0,2,2,0,0,2,0,0,2,0,0,2,0,2,0,2,0,2,2,2,0
3278,rs4216581,16,89533120,0,0,0,0,2,2,0,0,2,0,0,2,0,0,2,0,2,0,0,0,2,2,2,0
3280,rs4217061,16,89885518,0,0,0,0,2,2,0,0,2,0,0,2,0,0,2,2,2,0,0,0,2,2,2,0
3282,rs4219239,16,91670409,0,0,0,0,0,2,0,0,2,0,0,2,0,0,2,2,2,0,0,0,2,2,2,0
3290,rs4221305,16,96944468,0,0,0,0,2,2,0,0,2,0,2,2,0,2,2,2,2,2,0,0,2,2,2,0
3294,rs6310831,17,3227819,2,2,2,0,0,0,2,0,0,0,0,0,0,0,0,2,0,2,2,2,2,0,0,0
3296,rs13482842,17,3794554,2,2,2,0,0,0,2,0,0,0,0,0,0,0,0,2,0,2,2,2,2,2,0,0
3305,rs13482864,17,9565936,2,2,2,0,0,0,2,0,0,0,2,0,0,0,0,2,0,2,2,2,2,0,0,0
3314,rs3662820,17,12508088,2,0,2,0,0,0,2,0,0,0,2,0,0,0,0,2,0,2,2,2,2,0,0,0
3322,rs3023864,17,24331045,2,0,2,0,0,0,2,0,0,0,2,0,2,0,0,2,0,2,2,2,2,0,0,0
3326,rs13482930,17,26950947,2,0,2,0,0,2,2,0,0,2,2,0,2,0,0,2,0,2,2,2,2,0,0,0
3328,rs6397584,17,27588409,2,0,2,0,2,2,2,0,0,2,2,0,2,0,0,2,0,2,2,2,2,0,0,0
3329,rs13482934,17,27985170,2,0,2,0,2,2,0,0,0,2,2,0,2,0,0,2,0,2,2,2,2,2,2,0
3335,rs13482947,17,31769796,2,0,2,0,2,2,2,0,0,2,2,0,2,0,0,2,0,2,2,2,2,2,2,0
3336,rs6242153,17,32068298,2,0,2,0,2,2,2,0,0,2,2,0,2,0,2,2,0,2,2,2,2,2,2,0
3345,rs13482981,17,40708059,2,0,2,0,2,2,0,0,0,2,2,0,2,0,2,2,0,2,2,2,2,2,2,0
3351,rs13482998,17,44224865,2,0,2,0,2,2,0,0,0,2,2,0,0,0,2,2,0,2,2,2,2,2,2,0
3353,D17Mit49,17,45448429,2,0,2,0,0,2,0,2,0,2,2,0,0,0,2,2,0,2,2,2,2,2,2,2
3357,rs13483008,17,47865727,2,2,2,0,0,2,0,2,0,2,2,0,0,0,2,2,0,2,2,2,2,2,2,2
3362,rs13483015,17,49562369,2,2,2,0,0,2,0,2,0,2,2,0,0,0,2,2,0,2,2,0,2,2,2,2
3366,rs13483021,17,50872670,2,2,2,0,0,2,0,2,0,2,2,0,0,0,2,2,0,2,0,0,2,2,2,2
3378,CEL-17_50896182,17,52853981,2,2,2,0,0,2,0,2,0,2,2,0,0,2,2,2,0,2,0,0,2,2,2,2
3380,rs6272475,17,53622040,2,2,2,0,0,2,0,2,0,2,2,0,0,2,2,2,0,2,2,0,2,2,2,2
3384,rs3714819,17,55490262,2,2,2,0,0,2,0,2,0,2,2,0,0,2,2,2,0,2,2,0,2,2,2,0
3386,gnf17.058.703,17,57492876,2,2,0,0,0,2,0,2,0,2,2,0,0,2,2,2,0,2,2,0,2,2,2,0
3387,mCV22888090,17,63948053,2,2,0,0,0,2,0,2,2,2,2,0,0,2,2,2,0,2,2,0,2,2,2,0
3388,D17Mit89,17,63988384,2,0,0,0,0,2,0,2,2,2,2,0,0,2,2,2,0,2,2,0,2,2,2,0
3395,rs13483077,17,66785540,2,0,0,0,0,2,0,2,2,0,2,0,0,2,2,2,0,2,2,0,2,2,2,2
3402,rs13483086,17,69149198,0,0,0,0,0,2,0,2,2,0,2,0,0,2,2,2,0,2,2,0,2,2,2,2
3406,rs13483092,17,71350425,0,0,0,0,0,2,0,2,2,0,2,0,0,2,2,2,0,2,2,2,2,2,2,2
3408,rs6322076,17,72598864,0,0,0,0,0,2,2,2,2,0,2,0,0,2,2,2,0,2,2,2,0,2,2,2
3414,rs13483110,17,76561295,0,0,0,0,0,2,2,2,2,0,2,0,0,2,2,2,0,0,2,2,0,2,2,2
3418,rs3663088,17,77448215,0,0,0,2,0,2,2,2,2,0,2,0,0,2,2,2,0,0,2,2,0,2,2,2
3421,gnf17.080.475,17,79560024,0,2,0,0,0,2,2,2,2,0,2,0,0,2,2,2,0,0,2,2,0,2,2,2
3424,rs13483126,17,81620040,0,2,0,0,0,2,2,2,2,0,2,0,0,0,2,2,0,0,2,2,0,2,2,2
3426,mCV23534950,17,82021401,0,2,0,0,0,2,2,2,2,0,2,0,2,0,2,2,0,0,2,2,0,2,2,2
3428,rs6263123,17,83797599,0,2,0,0,0,2,0,2,2,0,2,0,2,0,2,2,0,0,2,2,0,2,2,2
3432,rs6336971,17,87157410,0,2,0,0,0,2,0,0,2,0,2,0,2,0,2,2,0,0,2,0,0,2,2,2
3434,CEL-17_87616892,17,89401318,0,2,0,0,0,2,0,0,2,0,2,0,2,0,2,2,0,0,2,0,0,2,2,0
3443,rs3711932,17,92100363,0,2,0,0,0,2,0,0,2,0,2,0,2,0,2,2,0,0,2,0,0,2,0,0
3446,rs13483183,18,3516539,0,2,2,0,2,2,0,2,0,2,0,0,2,0,2,2,0,0,2,2,2,2,0,0
3453,rs4231742,18,11084828,0,2,0,0,2,2,0,2,0,2,0,0,0,0,2,2,0,0,2,2,2,2,0,0
3456,rs13483213,18,12709027,0,2,0,0,2,2,0,2,0,2,0,0,0,0,2,0,0,0,2,2,2,2,0,0
3459,rs13483221,18,15408257,0,2,0,0,2,2,0,2,0,2,0,0,0,0,2,0,0,2,2,2,2,2,0,0
3460,gnf18.012.857,18,15797208,0,2,0,0,2,2,0,2,0,2,0,0,0,0,2,0,0,0,2,2,2,2,0,0
3461,rs6358426,18,16573191,0,2,0,0,2,2,0,2,0,0,0,0,0,0,2,0,0,0,2,2,2,2,0,0
3469,rs13483254,18,24320392,0,2,0,0,2,2,2,2,0,0,0,0,0,0,2,0,0,0,2,2,2,2,0,0
3470,gnf18.021.931,18,24601255,0,2,0,0,2,2,2,2,0,0,0,0,0,0,0,0,0,0,2,2,2,2,0,0
3477,rs13483269,18,28455186,0,2,2,0,2,2,2,2,0,0,0,0,0,0,0,0,0,0,2,2,2,0,0,0
3478,gnf18.027.000,18,29688176,2,2,2,0,2,2,2,2,0,0,0,0,0,0,0,0,0,0,2,2,2,0,0,0
3490,rs6163326,18,35972316,2,2,2,0,2,2,2,2,0,0,2,0,0,0,0,0,0,0,2,2,2,0,0,0
3495,rs13483310,18,38814808,2,2,2,0,2,2,2,2,2,0,2,0,0,0,0,0,0,0,2,2,2,0,0,0
3498,rs6393110,18,39202214,2,2,2,0,2,2,2,2,2,2,2,0,0,0,0,0,0,0,2,2,2,0,0,0
3500,rs13483314,18,40103728,2,2,2,0,2,2,2,2,2,2,2,0,0,0,0,0,0,2,2,2,2,0,0,0
3507,rs6355722,18,45300265,2,2,2,0,2,2,2,2,2,2,2,0,0,0,0,0,0,0,2,2,2,0,0,0
3510,rs3716758,18,46435494,0,2,2,0,2,2,2,2,2,2,2,0,2,0,0,0,0,0,2,2,2,0,0,0
3513,rs3703039,18,49445983,0,2,2,2,2,2,2,2,2,2,2,0,2,0,0,0,0,0,2,2,2,0,0,0
3514,rs13483354,18,50106592,0,2,2,2,2,2,2,2,2,2,2,0,2,0,0,0,0,0,2,2,2,2,0,0
3517,rs6240957,18,51178665,0,2,2,2,2,2,2,0,2,2,2,0,2,0,0,0,0,0,2,2,2,2,0,0
3522,CEL-18_56957668,18,56618687,0,2,2,2,2,2,2,0,2,2,2,0,2,2,0,0,0,0,2,2,2,2,0,0
3524,rs13483377,18,57241644,2,2,2,2,2,2,2,0,2,2,2,0,2,2,0,0,0,0,2,2,2,0,2,0
3526,rs13483378,18,57453544,0,2,2,2,2,2,2,0,2,2,2,0,2,2,0,0,0,0,2,2,2,0,2,0
3529,rs3713935,18,58625810,0,2,2,2,2,2,2,0,2,2,2,0,2,2,0,0,0,2,2,2,2,0,2,2
3530,rs13483407,18,65688991,0,2,2,0,2,0,2,0,2,2,2,0,0,2,0,0,0,2,2,2,2,0,2,2
3539,rs6346101,18,68674128,2,2,2,0,2,0,2,2,2,2,2,0,0,2,0,0,0,2,2,2,2,0,2,2
3544,rs13483423,18,69689996,0,2,2,0,2,0,2,2,2,2,2,0,0,2,0,0,0,2,2,2,2,0,2,2
3546,rs13483426,18,70283358,0,2,2,0,2,0,2,2,0,2,2,0,0,2,0,0,0,2,2,2,2,0,2,0
3547,rs13483427,18,70627065,0,2,2,0,2,2,2,2,0,2,2,0,0,2,0,0,0,2,2,2,2,2,2,0
3549,gnf18.069.064,18,70944925,0,2,2,0,2,0,2,2,0,2,2,0,0,2,0,0,0,2,2,2,2,2,2,0
3553,rs13483437,18,74004343,0,2,2,0,2,0,2,0,0,2,2,0,0,2,0,0,0,2,2,2,0,2,2,0
3556,rs13459193,18,74895830,0,2,2,0,2,0,2,0,0,2,2,0,0,2,0,0,0,0,2,2,0,2,2,0
3558,rs13483443,18,75843608,0,2,2,0,2,0,2,0,0,2,2,0,0,0,0,0,0,0,2,2,2,2,2,0
3561,rs13483446,18,76899559,0,0,2,0,2,0,2,0,0,2,2,0,0,0,0,0,0,0,2,2,2,2,2,0
3564,rs3705890,18,77108822,0,0,2,0,2,0,2,0,0,2,2,0,0,0,0,0,0,2,2,2,2,2,2,0
3567,rs13483466,18,82409997,2,0,2,0,2,0,2,0,0,2,2,2,0,0,0,0,0,2,2,2,2,2,2,2
3568,D18Mit4,18,84295656,2,0,2,0,0,0,2,0,0,2,2,0,0,0,0,0,0,2,2,2,2,2,2,2
3570,rs3671719,18,85968792,2,2,2,0,0,0,2,0,0,2,2,0,0,0,0,0,0,2,2,2,0,2,2,2
3573,rs13483499,19,3413095,0,0,2,2,0,0,0,0,0,0,0,0,0,2,2,2,0,0,2,0,2,0,0,0
3578,mCV25314100,19,4845967,0,0,2,2,0,0,0,0,0,0,0,0,0,2,2,0,0,0,2,0,2,0,0,0
3580,rs13483511,19,6542811,0,0,2,2,0,0,0,2,0,0,0,0,0,2,2,0,0,0,2,0,2,2,0,0
3582,rs13483513,19,7347679,2,0,2,2,0,0,0,2,0,0,0,0,0,2,2,0,0,2,0,0,2,2,0,0
3590,UT_19_10.709331,19,10788814,0,0,2,2,0,0,0,2,0,0,0,0,0,2,2,0,0,2,0,0,2,2,0,0
3591,D19Mit22,19,10826464,0,0,2,2,0,0,0,2,0,0,0,0,0,2,2,0,0,2,0,0,1,2,0,0
3592,rs3700209,19,11170617,0,0,2,2,0,0,0,2,0,0,0,0,0,2,2,0,0,2,0,0,0,2,0,0
3593,rs3674862,19,12018632,0,0,2,2,0,2,0,2,0,0,0,0,0,2,2,0,0,2,0,0,0,2,0,0
3601,rs3704158,19,15041788,0,0,2,2,0,2,0,2,0,2,0,0,0,2,2,0,0,2,0,2,0,2,0,0
3602,rs4136257,19,15440659,0,0,2,2,0,2,0,2,0,2,0,0,0,2,2,0,0,0,0,2,0,2,0,0
3607,rs3686467,19,16955951,0,0,2,2,0,2,0,2,0,2,0,0,0,0,2,0,0,0,0,2,0,2,0,0
3610,rs13483549,19,18231112,2,0,2,2,0,2,0,2,0,2,0,0,0,0,2,0,0,0,0,2,0,2,0,0
3617,rs13483561,19,21205552,2,0,2,2,0,2,0,2,0,2,0,0,0,0,2,0,2,0,0,2,0,2,0,0
3624,rs4232105,19,23240261,2,0,2,2,0,2,0,2,0,0,0,0,0,0,2,0,2,0,0,2,0,2,0,0
3629,D19Mit40,19,25410811,2,0,2,2,0,2,0,2,0,0,0,0,0,0,2,0,2,0,2,2,0,2,0,0
3633,D19Msw029,19,28477768,2,2,2,2,0,2,0,2,0,0,0,0,0,0,0,0,2,2,2,2,0,2,0,0
3634,rs13483589,19,30055666,2,2,2,2,0,2,0,2,0,0,0,0,0,2,0,0,2,2,2,2,0,0,0,0
3637,rs13459194,19,32123500,2,2,2,2,0,2,0,2,0,0,0,0,0,2,0,0,2,0,2,2,0,0,0,0
3642,rs3672117,19,32961544,2,2,2,2,0,2,0,2,0,0,0,2,0,2,0,0,2,0,2,2,0,0,0,2
3643,rs13483605,19,35692493,2,0,2,2,0,2,0,0,0,0,0,2,0,2,0,0,0,0,2,2,0,0,0,2
3654,rs6185741,19,38910192,2,0,2,2,0,2,0,0,0,0,0,2,2,2,0,0,0,0,2,2,0,0,0,2
3665,rs13483639,19,44265920,2,0,2,2,0,2,0,0,0,0,0,2,2,2,0,2,0,0,2,2,0,0,0,2
3672,rs13483649,19,47218629,2,0,2,2,0,2,0,0,0,0,0,2,2,2,2,2,0,0,2,2,0,0,0,2
3676,rs3660360,19,48448365,2,0,2,2,0,2,0,0,0,0,0,2,0,2,2,2,0,0,2,2,0,2,0,2
3677,CEL-19_48014568,19,48744594,2,0,2,2,0,2,0,0,0,0,0,2,0,2,0,2,0,0,2,2,2,2,0,2
3683,rs13483669,19,52276520,2,0,2,2,0,2,0,0,0,0,0,2,0,2,0,0,0,0,2,2,2,2,0,2
3696,rs13483683,19,55602430,2,0,2,2,0,2,0,2,0,0,0,2,0,2,0,0,0,0,2,2,2,2,0,2
3700,rs3023497,19,56682124,2,0,2,2,0,2,0,2,0,0,0,2,0,2,2,0,0,0,2,2,2,2,0,2
3709,rs6191324,19,59396319,2,0,2,2,0,2,0,2,0,0,0,2,2,2,2,0,0,0,2,2,2,2,0,2
3710,rs3658400,19,59530841,2,0,2,2,0,2,0,2,0,0,0,2,0,2,2,0,0,0,2,2,2,2,0,2
3714,mCV23482939,19,61116699,2,0,2,2,0,2,0,2,0,2,0,2,0,2,2,0,0,0,2,2,2,2,0,2
3715,rs6193060,19,61297371,2,0,2,2,0,2,0,2,0,2,0,2,0,2,0,0,0,0,2,2,2,2,0,2
3716,rs13483712,20,9129479,0,0,2,2,0,0,0,0,0,0,0,2,0,0,0,0,0,2,2,0,0,0,0,0
3719,rs13483724,20,33548079,0,0,2,2,2,0,0,0,0,0,0,2,0,0,2,0,0,2,2,0,0,0,0,0
3722,rs13483731,20,39806024,0,0,2,2,2,0,0,0,0,0,0,2,0,0,2,0,0,2,2,0,0,0,0,2
3723,rs13483736,20,44681822,0,0,2,2,2,0,0,0,0,0,0,2,0,2,2,0,0,2,2,0,0,0,0,2
3727,rs13483748,20,48083751,0,0,2,0,2,0,0,0,0,0,0,2,0,2,2,0,0,2,2,0,0,0,0,2
3728,gnfX.035.350,20,48285598,0,0,2,0,2,0,0,0,0,0,0,2,0,0,2,0,0,2,2,0,0,0,0,2
3732,rs13483756,20,50304196,0,0,2,0,2,0,0,0,0,0,0,2,0,0,0,0,0,2,2,0,0,0,0,2
3736,rs13483766,20,55021542,0,0,2,0,2,0,0,0,0,0,0,0,0,0,0,0,0,2,2,0,0,0,0,2
3743,rs13483785,20,61595305,0,0,2,0,2,0,0,0,0,0,0,0,0,2,0,0,0,2,2,0,0,0,0,2
3749,rs3157124,20,68694215,0,0,2,0,2,0,0,0,0,0,0,0,0,0,0,0,0,0,2,0,0,0,0,2
3752,DXMit1,20,70273782,0,0,2,0,2,0,0,0,0,0,0,0,0,0,0,2,0,0,2,0,0,0,0,2
3756,CEL-X_71438949,20,77128597,0,0,2,0,2,0,0,0,0,0,0,0,0,0,0,2,0,0,2,0,0,0,2,2
3760,gnfX.076.619,20,89920839,0,0,2,0,2,0,0,0,0,0,0,0,0,0,0,2,0,0,2,0,0,0,0,2
3762,gnfX.086.039,20,99321995,0,0,2,0,2,0,0,0,0,0,0,0,0,0,0,0,0,0,2,0,0,0,2,2
3763,CEL-X_93828383,20,99620143,0,0,2,0,2,0,0,0,0,0,0,2,0,0,0,0,0,0,2,0,0,0,2,2
3767,CEL-X_106858553,20,112637354,0,0,2,0,0,0,0,0,2,0,0,2,0,0,0,0,0,0,2,0,0,0,2,2
3770,rs6387944,20,127009267,0,0,2,0,0,0,0,2,2,0,0,2,0,0,0,0,0,0,2,0,0,0,2,2
3774,rs13484003,20,130138456,0,0,2,0,0,0,0,2,2,0,0,2,0,0,2,0,0,0,2,0,0,0,2,2
3776,rs13484013,20,132120932,0,0,2,0,0,0,0,2,2,0,0,2,0,0,2,0,2,0,2,0,0,0,2,2
3780,gnfX.116.876,20,133125033,0,0,2,0,2,0,0,2,2,0,0,2,0,0,2,0,2,0,2,0,0,0,2,2
3784,rs13484030,20,135887117,0,0,2,0,2,0,0,2,0,0,0,2,0,0,2,0,2,0,2,0,0,0,2,2
3785,rs13484060,20,143400777,0,0,0,0,2,0,0,2,0,0,0,2,0,0,2,0,2,2,2,0,0,0,2,2
3786,DXMit10,20,147758347,0,0,0,0,2,0,0,2,0,0,0,2,0,0,2,0,2,0,2,0,0,0,2,2
3787,CEL-X_143438541,20,149985632,0,0,0,0,2,0,0,2,0,0,0,2,0,0,2,0,2,0,2,0,0,0,0,2
3790,gnfX.141.820,20,158023554,0,0,0,0,0,0,0,2,0,0,0,2,0,0,2,0,0,0,2,0,0,0,0,2
3792,CEL-X_154259201,20,160727280,0,0,2,0,0,0,0,2,0,0,0,2,0,0,2,0,0,0,2,0,0,0,0,2
3793,rs3657281,20,160951100,0,0,2,0,0,0,0,2,0,0,0,2,0,2,2,0,0,0,2,0,0,0,0,2
