ID_FOR_CHECK,Locus,Chr_Build37,Build37_position,207
1,rs6269442,1,3482276,870.8848570799304
5,rs8236463,1,5579194,615.2283809155423
9,rs6360236,1,11073905,645.2951022962648
14,rs3655978,1,13373071,61.86117238915975
16,rs3669485,1,13975253,329.0295502857219
24,gnf01.013.065,1,16119467,615.9312841165639
30,rs3670611,1,20623898,770.316489850934
31,rs6404446,1,20774307,450.0423543268311
33,rs6253968,1,21628545,416.2974231319993
35,mCV23695025,1,22158485,336.48537327951425
44,rs13475771,1,25489365,269.8930944994765
45,rs13475772,1,25632283,291.8497465373575
49,rs6384194,1,29231426,479.7900996175258
53,CEL-1_31944599,1,31718480,316.1007066079947
55,rs13475795,1,32555265,309.47498895883285
61,rs13475810,1,36052584,814.6597646935805
63,UT_1_38.719268,1,38079088,927.0620714372106
69,rs13475821,1,39578772,391.67880478182514
70,rs13475827,1,40990938,574.2120807518584
76,D1Mit375,1,43500860,914.5115576989625
79,rs13459182,1,43799239,812.6749774506518
82,rs6370110,1,45566204,647.8680856250883
88,rs6386920,1,54152567,803.743106146589
90,rs13475876,1,55184323,564.6241852765442
91,rs13475879,1,57882215,781.739819826396
96,rs13475885,1,60700973,495.75750100617046
106,gnf01.063.789,1,66311420,596.7477099197064
108,rs3722989,1,66762987,495.2064484392511
114,rs6312657,1,69048454,656.9996401493188
116,rs3687595,1,72735307,648.6923613002218
118,rs13475920,1,73257786,756.2747526835427
120,rs13475921,1,73464731,843.9846967807774
122,rs3713616,1,74488136,814.1718987923915
127,D1Mit216,1,79802769,574.9887964208965
128,mCV23431007,1,80322428,410.6053214965733
130,rs13475954,1,82901014,637.7187806355145
134,rs13475967,1,89386211,855.7703409513877
136,rs13475970,1,90246345,431.4801437784527
141,rs13475984,1,94608317,381.4850864854515
144,rs3692309,1,95148081,275.41130462563945
146,rs13475989,1,95906063,249.0217500907048
150,rs13475993,1,96873867,431.8303436850036
154,rs13476006,1,100503509,207.4018004000394
167,rs6174159,1,108527642,488.71175623213423
169,gnf01.107.327,1,109384693,404.86057925519935
171,rs13476044,1,110578148,160.33303985721142
173,rs13476045,1,110960852,311.6265765771586
180,rs13476069,1,117932805,386.0042167498973
181,gnf01.116.283,1,118454509,365.8116387373941
186,rs6302966,1,122017245,397.2962709443079
190,rs6189020,1,126516498,484.85722231365656
198,rs6263067,1,129064813,801.506024659955
219,rs13476138,1,141417668,699.7473825575688
221,rs6202860,1,147391348,771.4479410201808
240,rs13476187,1,156052564,607.3024154328454
242,rs6194543,1,157588922,709.8978032262421
253,rs6209248,1,160302634,881.7335907166108
260,rs13476208,1,163955813,815.5700580723125
265,rs4222763,1,165315111,917.2106941621007
267,UT_1_169.988189,1,168323143,897.8713097509908
280,rs8242766,1,172981863,921.976767675708
281,NES13033186,1,173149434,920.7691878611984
289,rs3682996,1,175676881,641.5291657276628
296,rs13476267,1,182213911,713.5012458406263
300,CEL-1_182091301,1,183936097,570.2955116247762
302,rs13476281,1,186146231,544.2677142751098
306,rs13476286,1,187711002,869.5588740034577
313,rs13476291,1,189435368,535.4649648377479
314,rs3666905,1,189866757,905.2552705067029
331,rs3689947,1,194325877,820.4291241314023
340,rs13476330,2,5767413,282.92724111410746
342,gnf02.006.767,2,9751288,894.5957938012596
343,rs13476350,2,11707492,744.0303583667585
344,rs13476352,2,13357844,446.03076267214095
345,rs13476358,2,16227339,744.0303583667585
347,CEL-2_18096278,2,17962148,508.7926465487182
351,rs6292983,2,19938934,417.35272537855866
353,rs6193345,2,23199300,237.6275786091034
356,rs13476386,2,24827273,725.5249618066863
358,rs13476390,2,25726696,648.7912594545661
360,rs3681655,2,26223875,826.2204642466672
361,mCV23574676,2,26733408,867.9479524840191
362,rs13476408,2,30296487,572.2484907846757
366,rs13476413,2,31678178,438.7314052311632
368,rs13459060,2,32470462,470.71840412322126
377,rs13476427,2,34869157,667.2920366388827
379,rs3699934,2,35957196,715.4565654653618
387,rs13476452,2,40783490,609.6909647778017
397,rs13476467,2,44257293,422.91678752723044
408,CEL-2_50605053,2,50500582,512.6401880793572
412,rs3720957,2,51252308,422.91678752723044
414,rs13476499,2,52289186,721.6816189099266
423,rs13476520,2,57861768,503.7169039711621
427,rs3660779,2,60486383,80.65999435564697
432,rs3709716,2,62490365,201.54210831599016
442,D2Mit205,2,65140125,420.3577653648615
449,rs3022885,2,66930920,206.49619011596715
451,rs6305730,2,67694351,83.217509815682
453,rs8263080,2,69180907,208.10612856176417
454,rs6275559,2,69562661,424.9234736171755
458,rs13476571,2,72239857,613.2496231945586
459,rs13476573,2,73133110,654.1811145489852
465,rs3713848,2,75856730,515.9665959356504
467,rs13476589,2,77938378,674.3890902897405
468,CEL-2_79237503,2,79183601,719.9481930276885
472,rs3667007,2,81946274,499.1108983257371
474,rs13476609,2,83092617,651.3964000910511
479,rs6314788,2,88186456,761.665577171953
481,rs4223268,2,93260018,832.1800061567241
484,rs6170908,2,94377939,790.8210280939742
486,CEL-2_98080939,2,98027112,752.1359850734827
488,rs6164718,2,99665472,918.6610359841906
490,rs3721532,2,100829474,911.2421983932569
494,D2Mit12,2,102941479,398.7068631840464
496,rs13469470,2,103290657,537.9630339046229
498,rs13476676,2,103939709,886.9777598484973
500,rs6256701,2,104267464,580.5119957567898
502,rs6323360,2,106438339,59.75869454395162
509,rs6208879,2,109622852,65.68025935806111
510,rs6318808,2,109829996,139.74355965509983
512,rs3681694,2,112125008,316.8020427219726
524,rs13476723,2,117118532,851.8394332852254
526,UT_2_119.151187,2,118706767,927.5472425651859
530,rs3686617,2,122383806,782.3851751096818
535,rs6374387,2,125304785,730.5901653650968
537,rs3708635,2,125704535,885.5144105908704
539,rs6411422,2,128199226,837.5858193721745
545,rs8264884,2,130881868,878.2607164383531
549,rs4223510,2,131679415,761.0996239414806
551,rs13476784,2,134345046,175.70508521886003
553,CEL-2_135876979,2,135953692,53.177462716808535
555,rs13476805,2,139549796,55.81048813254295
557,rs6331493,2,142529801,43.7380463042312
559,rs3022909,2,145107383,13.320111734247233
563,rs6206791,2,149491612,7.73702185683988
569,rs6265656,2,156689630,38.24683050238247
571,rs3691210,2,157820959,52.60580667370548
575,rs6389365,2,159368725,336.66980402521256
579,rs6152944,2,160129430,553.2698616265183
580,rs13476878,2,160594981,462.14598007262066
588,rs3671849,2,162978275,505.8994046219404
592,rs13476889,2,164133261,823.8333684345212
598,rs6177049,2,165608228,250.0945316182491
611,rs3143843,2,169778381,215.58260919421258
613,rs13476914,2,170652473,302.8822742989012
616,rs3724618,2,171350040,164.1164608442652
621,rs6384888,2,173376092,121.88415582530149
623,rs3674193,2,178452024,105.49857722882297
624,rs13476936,2,178942787,235.41184754871867
625,rs6335805,2,179013702,104.36223479788899
631,rs6305540,2,180825582,172.76573592622256
633,rs13476950,3,3785418,506.3108955829792
636,rs13476961,3,6807955,603.7382052029852
638,rs13476963,3,7679815,467.4611710137619
640,rs3668064,3,9269819,383.74582855778056
658,rs13477004,3,19544554,431.85667452626615
659,rs13477011,3,21265674,669.1364626394294
661,CEL-3_23204282,3,23338085,634.0822087298532
662,rs6373308,3,26093917,773.5550223238132
664,rs13477030,3,27500205,283.22634237712924
668,rs6260196,3,28626877,300.016558400777
670,rs13475616,3,32476136,491.88408415252917
675,rs3151902,3,36502923,230.2823761535464
676,rs13477062,3,36739264,207.29081482388307
678,petM-02707-1,3,37307265,143.50654838681066
680,rs13477065,3,38005779,191.2421267549313
684,rs3665109,3,39719816,181.64471735588324
687,rs13477072,3,40358478,292.2520097401977
689,rs13477076,3,41397766,267.3978626542521
692,mCV24401139,3,45974816,457.5807271785064
695,rs13477113,3,53073655,778.4988948282281
697,gnf03.051.000,3,54081737,670.0618753151966
698,gnf03.051.474,3,54556029,601.9516400516413
699,gnf03.051.587,3,54674450,776.4141767733282
702,rs13477123,3,55832832,745.1904923094625
706,mCV22953681,3,57139218,715.1317457470701
712,rs13477144,3,61072170,678.0839025704887
716,rs3674751,3,65474784,634.4177058190013
723,rs13477176,3,68871336,582.5474672300373
727,CEL-3_75140206,3,74542042,614.815692106444
733,rs3672300,3,77716617,592.051588133871
747,CEL-3_89968332,3,89347288,862.3711124344675
755,rs13477280,3,98086968,825.4069361235272
763,rs13477308,3,104918494,754.5102846649474
765,UT_3_108.7885,3,105471017,530.9147998187157
769,rs13477320,3,108822023,634.3792272739464
772,rs13477323,3,109396037,785.2424013255475
778,mCV25436350,3,112860455,895.8771238363873
782,rs13477364,3,118290074,814.2639896261636
791,rs3671119,3,126116579,844.2938153499067
792,rs3670168,3,127995452,448.56784849831126
795,mCV23446189,3,128958446,542.9971562430029
796,rs4221957,3,129527944,811.2012056784315
800,rs13477425,3,134595339,481.61979119119894
802,UT_3_141.310761,3,137054608,811.2012056784315
806,rs3720498,3,139132077,598.4051532494701
809,rs3090379,3,141704636,644.9914056594617
817,rs3688244,3,145095424,912.947769717705
818,UT_3_150.551162,3,146294051,931.3155834342558
820,gnf03.152.088,3,148269915,685.2346321813976
821,rs13477485,3,149089196,287.5282556663347
827,rs3716135,3,153986406,229.45991540030678
833,CEL-3_156007479,3,155062197,463.7564384775752
835,rs3695386,3,155445672,431.35355170113706
836,rs13477511,3,156399374,392.942586814736
837,gnf03.160.599,3,156802751,268.5237940822221
839,rs13477515,3,157182752,370.69612890320053
844,rs13477532,4,3630816,878.7756761887332
848,gnf04.002.599,4,5606395,814.5602283389455
849,rs3674982,4,6820703,885.5144105908406
853,rs13477552,4,9203864,662.6617591473506
860,rs13477566,4,13031016,759.0264930024538
863,rs13477579,4,16419442,604.4789642291344
865,rs3679281,4,18609947,174.12990700439065
869,petM-01609-1,4,19960179,90.63842019703851
873,rs13477601,4,22163487,174.12990700439065
877,rs13477622,4,28249560,134.65074029492644
878,rs3701432,4,29190386,197.19370035748074
881,rs6177140,4,31651726,412.96872797089526
885,rs4224427,4,33109560,197.19370035748074
887,CEL-4_34185403,4,34041019,281.85716080312295
889,rs6232550,4,40972607,483.55871887806256
896,gnf04.041.337,4,44330250,592.5235824184095
904,rs13477695,4,49784163,329.32525951119885
906,rs6398138,4,50881072,174.29790488042065
908,CEL-4_51526276,4,52294103,329.32525951119885
923,rs3690581,4,62368291,313.9504763366024
929,D4Mit178,4,66843059,213.2984741635446
941,rs13477796,4,78698064,693.9605914819497
943,rs13477804,4,81604581,632.7867914628829
955,CEL-4_86326428,4,87697882,674.3947884101984
958,rs13477831,4,88597633,477.904515846892
962,rs3663299,4,94099079,277.4420317601064
966,CEL-4_95227224,4,96563640,489.164422126617
970,rs13477873,4,101102849,726.3023384458431
971,rs13477881,4,103313312,701.6472523507368
973,rs3726736,4,103839033,857.7705415603671
975,rs13477919,4,104961980,686.8073760584666
980,rs3664637,4,108237103,190.08227970775715
982,gnf04.104.549,4,108879988,111.86975743920244
1000,CEL-4_118751423,4,120078552,166.52521394621837
1002,rs3675629,4,120731448,97.25998998461128
1004,gnf04.117.102,4,121069748,25.829796760095395
1011,rs3677161,4,124517596,50.238975356755276
1013,rs3704486,4,125265632,79.564995731833
1014,rs3666537,4,126150089,3.6765215898584818
1019,rs3023009,4,129249415,26.74285199913251
1025,rs3664871,4,132410010,60.0283132106791
1027,rs6404906,4,133563658,52.822629104619374
1030,rs3663950,4,135285446,22.358114844866737
1034,rs13478002,4,136230564,12.938765036445826
1036,rs6234904,4,138152372,10.313288387606635
1042,rs13478021,4,140166294,0.8764927719254331
1050,rs3023025,4,142772319,0.24074188572316163
1051,rs6316136,4,142959727,1.0988630451140178
1057,rs13478048,4,149683530,0.7157855809864831
1060,rs13478050,4,150309624,3.255751852613636
1063,rs3680006,4,150872156,48.067984664949826
1065,rs13478063,4,152699720,3.255751852613636
1066,rs6181146,4,153428156,11.39989998429381
1068,rs13478089,4,153804167,8.262691825778829
1070,rs13478067,4,154365178,40.47057050117227
1072,rs13478069,4,154876684,48.42866041834045
1074,rs6316711,4,155235047,54.95095854764209
1076,UT_4_154.123844,4,155384694,36.439463064754776
1079,CEL-5_3149134,5,3143128,668.0213678922817
1081,rs3664617,5,4468200,419.6512370726502
1083,rs6402980,5,5432078,342.8155077704265
1104,rs6256752,5,20753293,613.2466741306637
1106,UT_5_19.849706,5,21254589,925.4892272336364
1108,gnf05.017.151,5,22716675,392.70195661491556
1110,rs13478143,5,23471051,268.3313848477616
1112,mCV22781030,5,23652258,392.70195661491556
1114,rs6260804,5,24008816,315.64299488631497
1116,rs3706626,5,24621790,573.2369104534763
1119,D5Mit388,5,33660748,939.8581369313085
1125,rs13478184,5,36393187,826.7663614193394
1127,rs3703261,5,40028596,691.0598240320368
1132,rs3662682,5,41922477,492.4434470582743
1134,rs3716195,5,42448019,458.8869211235388
1135,rs6276465,5,42600455,652.2118046671337
1144,rs13478223,5,45747535,926.0926145315435
1157,rs13478255,5,53431175,730.8056596876278
1171,CEL-5_56325748,5,58079467,773.2331327267747
1177,rs3704920,5,60835061,724.5793738368227
1183,rs6265085,5,65141992,803.2834371785895
1185,rs3656989,5,66605987,626.8541442645065
1186,rs6267669,5,66893863,420.0809560423503
1193,CEL-5_67747877,5,69527299,262.00824480088585
1194,rs13478320,5,71133299,431.70308991571477
1195,gnf05.066.286,5,72415729,678.8366362996001
1197,CEL-5_70954573,5,72711078,858.644384315981
1207,rs3153753,5,76574922,905.0953109444863
1212,CEL-5_76676351,5,78347363,431.2182508619125
1214,rs13478357,5,82835236,860.1013531108524
1216,rs13478363,5,84265109,910.9918515247657
1222,rs13478386,5,90500266,927.3021200136241
1234,rs13478398,5,94154652,765.6787683899365
1242,rs3712722,5,98239478,615.3472875792905
1245,rs13478413,5,99431953,182.23568657595152
1255,rs6297352,5,103545840,264.12063215247645
1260,rs13478434,5,104572764,424.17037175939737
1270,CEL-5_106241511,5,109222883,774.6511491279791
1272,rs13459088,5,111078136,755.8641126608715
1280,rs3719767,5,115597884,843.979517790518
1286,D5Mit188,5,118329639,514.4355930812075
1289,rs13478487,5,119758227,777.2158460040479
1293,rs13478499,5,123738719,830.49730107237
1297,rs3711495,5,126622830,807.8343978796555
1301,rs3663155,5,128047890,657.0256675269588
1304,gnf05.124.386,5,130849060,790.6567440677196
1305,rs13478535,5,132505749,726.2750398832167
1306,D5Mit372,5,132603109,502.4216440818591
1308,rs13478539,5,133538654,814.9113965176816
1309,rs3708411,5,136726448,181.3826298703824
1311,rs8265855,5,138337848,139.1285919342468
1317,rs13478563,5,141863413,180.75246114183463
1325,rs6284348,5,144381934,320.4236309904788
1326,rs3696754,5,145200213,408.09477601770493
1332,rs13478586,5,147658808,720.7001975079605
1335,rs3661828,6,3416870,189.92338557156094
1342,rs13478617,6,7964242,632.1222009665734
1348,CEL-6_10519419,6,10733841,498.9186489489706
1350,rs13478632,6,11712185,697.8835844359893
1352,rs13478641,6,16011004,226.8577116754663
1354,mCV23259040,6,16932016,246.10293005687814
1360,rs13478662,6,24223715,365.4416620439069
1368,rs13478683,6,29127420,454.69067891837756
1374,rs13478696,6,32583784,741.0058953899385
1376,rs13478705,6,34457506,176.67504597391957
1378,rs13478714,6,36697331,65.10328299226589
1379,rs13478717,6,37639577,74.91281118040392
1380,rs6215575,6,38079137,258.89006663167686
1382,gnf06.037.785,6,40749295,404.83423481307574
1383,rs13478727,6,43776811,658.3483736324328
1393,rs3698072,6,49388482,616.9503775565299
1394,rs6155681,6,49605503,321.6232402167028
1405,rs13478756,6,52735548,359.18281303607847
1413,rs6308025,6,55120667,777.9196410381239
1418,gnf06.058.959,6,59756735,743.3786791153111
1420,rs6378343,6,63773077,148.27736167846098
1422,rs13478800,6,64766249,231.33913352057078
1426,mhcCD8b4,6,71278246,98.23498243746256
1432,rs3706039,6,77051817,21.062539514756537
1433,rs3663024,6,77471759,263.1892334516695
1435,rs13478871,6,85767550,466.79852242283465
1445,rs3142215,6,88960562,554.5257716846776
1448,rs3661039,6,90308024,712.4644220694128
1453,rs6223362,6,92570487,492.2744199369456
1457,rs13478906,6,95023510,455.47538458310044
1465,gnf06.096.938,6,98028111,286.73588099048834
1470,UT_6_102.533298,6,100818194,191.93438777206828
1472,rs13478933,6,101797293,340.41112173633525
1476,rs13478947,6,104791603,568.8867973662167
1482,rs13478971,6,111249787,636.6157950089577
1486,rs13478975,6,112093706,414.2348251312699
1488,rs13478978,6,112800819,615.4356405166498
1489,rs13478980,6,113408783,383.8773874269682
1493,rs6204829,6,115865552,378.5279756865838
1507,gnf06.122.747,6,124006512,329.26792095969085
1511,rs13479023,6,127388476,300.25639541477454
1521,rs6339546,6,133917751,213.4210740601741
1527,rs13479058,6,135272117,677.4465769796807
1535,rs3682699,6,138384999,531.7197554107003
1537,rs3658123,6,138796844,859.8673998165027
1545,rs6152631,6,144002632,703.0830903723056
1547,rs3089737,6,145406060,910.0779732294591
1549,rs3695746,6,147673993,558.3264557601999
1552,rs13479096,6,149016662,522.9198469388516
1554,rs13479126,7,12778970,198.2726309468154
1556,rs3675839,7,16621522,355.48729636094885
1558,rs6295100,7,17046685,911.0287007177645
1564,D7Mit57,7,20283120,611.5783666691549
1568,rs13479163,7,27852866,693.32045144406
1571,rs8261944,7,31220797,580.5445523078041
1573,rs8251849,7,31505578,516.7725737175518
1577,rs6239372,7,35483870,781.8259694279946
1579,rs13479188,7,36124857,516.7725737175518
1581,rs13479194,7,37555006,931.1628584087814
1583,rs13479203,7,47173276,803.9181085397145
1588,rs6206014,7,47861154,328.5706771019204
1594,rs6228386,7,52146495,674.9850672411262
1596,rs13479226,7,52843651,466.05700862523764
1597,rs3703247,7,53254939,214.84003507476243
1600,CEL-7_36442524,7,56254113,667.3106278734131
1609,rs13479253,7,60128142,576.1066525151324
1611,CEL-7_43304662,7,62999955,862.21770972785
1613,gnf07.050.858,7,63779524,894.1757071350487
1625,rs13479305,7,73316124,711.6202907208119
1629,rs3698065,7,75261560,438.11419560483176
1630,rs6405142,7,75725583,509.863641807519
1636,rs13479326,7,78841853,325.57441598147943
1640,D7Mit318,7,81093848,287.5536743184407
1642,rs4226699,7,81420251,204.30114245828966
1643,rs13479339,7,81491657,318.5595023828236
1654,rs3656205,7,88680104,75.0135690704631
1662,rs13479374,7,91031062,37.20837533778181
1667,rs3672782,7,95155270,118.87583613513416
1669,rs13479392,7,95847712,15.658644995782222
1671,rs3658777,7,96762673,23.344627123738775
1698,rs13479441,7,111297536,10.531771369974486
1705,rs13479451,7,114512549,2.7433966449480445
1708,rs3686975,7,117123258,12.549897805797187
1709,rs13479460,7,118818343,3.0691280166214048
1713,D7Mit222,7,120077980,1.9119304005226279
1716,rs3657482,7,121209198,2.0368937316744495
1718,rs13479470,7,121842519,0.12254444954072903
1724,rs13479477,7,124381994,4.969088475483733
1732,rs6241342,7,126326146,2.610232758156098
1734,D7Mit330,7,126800204,17.91207553089502
1736,rs6322316,7,127836780,30.075943249463872
1737,rs13479522,7,136179207,20.733006575932027
1738,D7Mit371,7,139448713,53.1777276602734
1741,CEL-7_122458955,7,142026097,19.126887073395743
1745,rs6159179,7,143800091,37.62741142084264
1746,rs6334210,7,144223449,110.60083815457011
1748,rs6392543,7,145329119,210.6591615051174
1753,rs13479566,7,149648427,136.44573261787997
1757,CEL-8_7689226,8,7701082,756.5824582457693
1758,rs13479605,8,10521754,838.9361749079177
1759,rs6343961,8,14480180,626.4137714734665
1771,rs3699118,8,18512782,351.6508386010864
1777,D8Mit95,8,25604645,385.66991771399
1779,gnf08.023.320,8,25963094,691.3988777984816
1782,rs13479656,8,26642893,470.8508178934301
1784,CEL-8_25677705,8,28002388,331.9610389457661
1787,rs13479665,8,28727629,679.8412431228859
1792,rs6187823,8,30936104,627.2642051498003
1813,rs6232107,8,39283241,731.44601025508
1818,rs3664354,8,41091727,786.7337519611508
1820,rs13479734,8,45708317,746.5934584145064
1821,rs13479735,8,46649263,717.4876462914267
1822,rs13479741,8,48186445,367.3194040545275
1823,rs3659789,8,58485097,273.1608469108228
1827,rs6399377,8,60181845,377.24570548328916
1829,rs3717251,8,64089398,462.0204669354409
1833,rs3667255,8,66481544,263.12192057436016
1835,rs3703096,8,67943228,203.68399289242862
1839,rs13479811,8,69577204,222.6121422440739
1844,rs8253516,8,71406089,167.8043046230486
1846,rs13460430,8,72331481,183.57535791147276
1851,rs4227253,8,77650955,448.8694609734472
1855,rs13479842,8,78352527,764.8908360731787
1859,rs3719174,8,83396538,808.9375295198068
1871,rs13479883,8,89785659,851.7095717394036
1873,rs13479891,8,90839695,779.9318098330615
1875,rs3023195,8,91144187,749.5897842321605
1884,gnf08.091.954,8,93172237,601.8037040849845
1891,rs6373291,8,96926411,168.5573300292813
1893,rs3666069,8,98229000,47.34114870359513
1894,rs3661882,8,98812566,55.103335022836106
1896,rs6287320,8,99916724,232.189692763174
1906,rs13479957,8,105277640,697.5328443919491
1907,rs13479958,8,105453023,838.8749340693465
1922,rs13479987,8,113843239,676.2655976145014
1924,rs13479995,8,116236688,622.9909646831384
1926,rs3700124,8,116762716,599.943011364909
1935,rs13480011,8,120068915,172.2722922685626
1936,gnf08.119.598,8,120904595,445.5604045288764
1937,rs13480026,8,126224093,232.80471299409717
1938,rs6400423,8,129106325,701.7964999198038
1940,rs3697596,8,130354209,448.5095602726955
1943,rs3716715,8,131113636,701.7964999198038
1945,mCV25073238,9,10573030,14.048467312922682
1950,gnf09.010.169,9,15693673,26.22703521132752
1951,rs6183014,9,24420734,20.332507829817274
1954,CEL-9_29909656,9,29748546,20.591760539278685
1956,rs13480122,9,30964211,12.501196000869342
1969,rs3665911,9,35793270,107.45940313129043
1974,rs6240566,9,40268402,269.2857456048219
1976,rs3023208,9,40929720,219.3248482885363
1978,D9Mit227,9,41298949,421.320208414761
1985,rs13480172,9,46045437,103.42208580367749
1999,mCV23098764,9,51521230,153.70342170923078
2004,rs13480205,9,54377876,219.74863370426135
2006,rs6206488,9,54760050,458.89411261113275
2008,rs13480214,9,56697764,859.6914535884382
2015,rs6224703,9,59835173,890.9985988949871
2017,rs4227706,9,62226500,627.0339463590053
2022,rs3655717,9,65312971,513.0168097859766
2028,rs3703662,9,68191195,340.24640520764575
2032,rs6355445,9,69810186,203.32393932026824
2035,rs13459110,9,71331038,189.0993975035046
2037,rs13480268,9,72030419,399.5851388425287
2039,rs6167970,9,73368886,713.7865143223011
2046,rs3685573,9,76102534,822.1589558994522
2048,rs3674482,9,77217284,639.0553376530659
2053,UT_9_82.824657,9,79991492,688.1270674564045
2057,rs3673457,9,81753447,658.8604256624892
2060,UT_9_86.629631,9,83765927,836.9905225483695
2064,D9Mit11,9,86133452,760.5509913050493
2072,rs13480345,9,92122316,648.2877603988135
2077,rs3725272,9,95050078,754.6267623327215
2082,rs13480365,9,98479730,592.051588133871
2084,rs6385971,9,99766320,890.897998048764
2087,rs3688878,9,101340011,874.6275366480756
2094,rs6205631,9,105541853,613.5090296913904
2095,rs13480398,9,105676712,645.1791012090287
2099,rs3676408,9,107733463,733.6059618935952
2101,rs13461459,9,108417200,896.9688764842632
2109,mCV22843303,9,111560313,689.3671950885916
2114,gnf09.110.002,9,113200234,740.4832675117747
2120,RBMS3_AFFY_1452761,9,116482254,253.88806028488546
2121,rs8254361,9,119247088,248.76976853160986
2125,rs13480455,9,120927360,106.12834504755548
2129,rs13459114,9,121825028,182.35692713928228
2133,rs8254393,9,123878248,801.4307458492286
2135,rs3721803,10,3342586,162.9641505806429
2140,D10Mit28,10,9133173,212.46218175264468
2141,rs3664101,10,9329071,268.42757847108606
2147,rs4228121,10,13407602,153.15405058019942
2153,rs3712394,10,17663357,85.77462716670671
2158,rs3688363,10,19804440,181.00894471679425
2162,gnf10.025.923,10,27727882,244.69609345929646
2164,rs6391751,10,28169620,98.94005833273923
2166,rs6332670,10,28501119,239.272782840527
2171,rs13480570,10,30725948,336.2558550939173
2172,rs13480575,10,33372829,151.56606416054365
2178,rs13480601,10,44026225,60.91123396196836
2180,CEL-10_46671493,10,46420571,30.47223572792778
2185,rs3696307,10,53462955,106.37078160022664
2186,rs13480619,10,57472268,163.75556982724595
2190,rs13480625,10,64173095,173.06728271623925
2191,rs13480629,10,67079061,601.6176838854345
2192,rs13480630,10,67283840,515.6009701446836
2195,rs13480634,10,67849994,601.6176838854345
2197,rs13480638,10,68907415,646.8655126620569
2199,CEL-10_71736974,10,71420727,884.3635810624612
2203,rs13480653,10,74443969,885.756237785386
2205,rs13480657,10,76175591,884.3635810624612
2207,rs13459122,10,80258109,482.34231090599127
2210,gnf10.081.801,10,82278517,247.72191309880492
2214,CEL-10_86185623,10,85914426,502.4764875404067
2215,CEL-10_86482491,10,86197004,901.7683853600472
2217,CEL-10_87391383,10,87106144,932.9820333691018
2221,mCV25373751,10,90171935,818.1481649293323
2231,rs13480733,10,101577654,911.0240723103166
2232,rs13480734,10,101838025,622.6520234187967
2234,rs6246096,10,103024851,877.8495819126044
2237,rs6283474,10,105018387,842.666379032975
2244,mCV24654052,10,109905593,742.4438954234331
2251,rs4228477,10,114515890,570.7741507055634
2254,rs13480778,10,116782073,316.58978446417836
2256,mCV25264026,10,118418862,557.235465730842
2258,rs6317716,10,118914359,425.61828203224326
2264,rs6197175,10,120131018,607.7191188983415
2266,rs6237927,10,120809086,374.1866977141226
2268,rs13480796,10,121262478,272.0074747235079
2270,rs13480802,10,122450478,192.87064916438945
2282,rs3659787,11,4408732,159.1809793464473
2283,rs3714397,11,8736728,232.57749511402983
2286,rs3023249,11,11071146,375.0067095317584
2293,rs3673722,11,13574421,608.7639391795187
2295,rs13480888,11,16853390,306.0942258392383
2305,D11Mit79,11,19645820,480.67832660736525
2309,rs3023251,11,20853304,640.1459005056764
2311,rs6283329,11,22928398,448.9573903180073
2313,rs3677232,11,24572749,411.60071479338137
2323,rs13480935,11,29456156,229.88651220104182
2325,rs13480937,11,30059387,411.60071479338137
2327,rs13480951,11,33538734,296.86222228409747
2331,D11Mit231,11,35501291,197.37176508507667
2334,rs3664950,11,35986497,78.52159839561583
2338,rs3693664,11,42185502,68.90749567895998
2348,rs13481014,11,47930884,54.1919210804536
2349,rs13481018,11,50196764,38.25848711921615
2351,rs13481021,11,50920755,89.39497811480777
2357,gnf11.055.501,11,53734269,398.07952821689224
2363,rs13481041,11,56515096,549.3789771372778
2370,rs6344645,11,58923979,463.9991553068735
2372,mCV24123456,11,62065414,346.91767634982915
2376,rs3695202,11,64515287,509.6290059245969
2383,rs3715924,11,67192419,419.8769282438088
2388,rs3658906,11,68922568,509.6290059245969
2390,rs13481087,11,69415411,647.1105475990063
2399,rs13481099,11,73923769,197.47089087228045
2401,gnf11.079.978,11,75282894,441.8927056050167
2403,rs3662476,11,76761052,481.9344774028106
2405,rs13481117,11,79065732,628.6260715513199
2406,rs13481119,11,79360701,626.7820808050337
2407,rs13481123,11,82070986,632.5810574365621
2422,rs13481150,11,89612737,713.2486298180136
2430,rs13481156,11,90664417,617.4476956768916
2432,rs13481170,11,95489416,306.7807548909398
2436,rs6236574,11,97970259,337.5794524842395
2439,rs3661058,11,98780755,557.9619836761196
2443,rs13481186,11,100224674,461.7778841394684
2446,rs13459133,11,101318783,827.8778554826233
2447,rs13481194,11,101460336,470.5860089863416
2453,rs3690511,11,103578808,822.8493070649224
2454,rs3723163,11,103840961,704.5027097594879
2460,CEL-11_106337425,11,106527614,896.2223694837023
2466,rs3669823,11,107825710,794.8299352406214
2472,rs13481243,11,114532622,228.418010996232
2476,rs13481251,11,116908503,410.97998145501583
2477,gnf11.125.992,11,117108177,224.075782043329
2490,CEL-11_121219118,11,121409303,306.02927377673956
2491,rs13481282,12,5951281,916.2095004109835
2493,rs3688676,12,10227154,283.10562370802137
2495,rs3665012,12,10538357,97.1836202296589
2500,rs13481313,12,14876064,152.78737717438915
2505,rs6180964,12,16835276,52.50781256743017
2507,rs3665818,12,26165834,58.31652638130016
2509,rs4229294,12,26992470,97.17673392318056
2512,rs6238712,12,28507708,195.26558654835162
2516,rs13481365,12,29344231,126.47581065611517
2518,rs3685299,12,29581164,170.48509243343443
2520,rs3707174,12,30398066,275.19898198653163
2522,rs13481371,12,30883464,177.2298659339856
2524,rs6225272,12,31568401,332.9305491946387
2525,rs13481388,12,35446738,301.78566520818754
2528,gnf12.033.545,12,35806047,411.21781889757904
2530,rs13481392,12,36311421,301.78566520818754
2532,gnf12.035.312,12,37595107,56.07999446217021
2541,rs3686437,12,45826230,122.54770653033411
2542,rs13481425,12,46008977,108.48926795395718
2551,gnf12.047.285,12,50066537,420.4109719020246
2552,rs13481455,12,53911048,458.4903488856157
2553,rs13481462,12,55741344,788.4431555334407
2555,rs3689063,12,55988946,370.8641995739994
2561,gnf12.057.133,12,60071017,788.4431555334407
2563,rs3664781,12,60476553,847.6708377566741
2566,rs3707833,12,65130808,439.6423284038996
2574,CEL-12_65980962,12,71817799,484.8266136974306
2577,rs6346026,12,76103691,217.48246291374733
2579,rs13481537,12,76832203,331.52240403701995
2584,gnf12.078.433,12,81069516,914.9151750841022
2586,rs6170344,12,82689782,690.8474829234342
2588,gnf12.081.318,12,83974583,872.5108451078579
2589,rs13481565,12,85117957,805.5280225507871
2590,rs13481566,12,85872821,939.1897829849305
2591,rs13481569,12,86986286,786.3564348626369
2592,gnf12.084.566,12,87446647,816.4153831935487
2593,rs13481573,12,88249950,732.3115743955568
2595,rs13481580,12,90148750,886.5744285894347
2605,CEL-12_87170441,12,93806462,339.5754714202927
2607,rs13481599,12,97343222,605.811429757911
2609,rs13481611,12,100818237,881.2766883823041
2611,D12Mit231,12,101804026,770.3042178582367
2616,rs13481617,12,103658502,760.2607810962778
2618,rs13481620,12,104269892,473.0184385280104
2621,rs8273308,12,105632191,605.4225583060653
2624,rs13481630,12,106753156,489.0969463237146
2627,rs13481636,12,108786162,706.0315774078953
2630,rs13481641,12,109609891,563.4787813455539
2632,rs13481643,12,110330976,706.0315774078953
2637,D12Mit280,12,112417841,563.4787813455539
2640,rs4229611,12,114496727,597.8207657646985
2642,CEL-12_108727612,12,115166913,561.9183192202368
2651,rs4135448,12,120290629,469.27220048824876
2653,rs13459139,13,12155224,614.3127627015598
2665,rs3676630,13,20529561,659.7093470150236
2670,rs13481728,13,22490836,633.2866292460005
2672,rs13481740,13,30769381,92.88253269196133
2681,rs4229685,13,35965561,190.19719919873202
2683,CEL-13_38785537,13,39434861,104.75212678059282
2684,rs3701164,13,39899433,257.04130312223634
2690,rs6196305,13,45402973,834.3734622911363
2691,rs3688207,13,45454657,890.5025799320906
2693,rs3725387,13,45997092,889.1320950210256
2698,rs6411274,13,47225289,890.5025799320906
2700,rs6209128,13,52866222,247.54149936082936
2702,rs13481817,13,54980447,437.57723462688625
2717,rs13481845,13,63061924,139.79588456162233
2724,rs3657887,13,65002322,94.28218510667176
2728,rs13481861,13,68711508,196.19030011432102
2733,rs13481870,13,71140974,276.77393319062526
2734,rs13481874,13,73106373,100.0526350447647
2735,rs3664096,13,75901604,267.80571937098733
2740,rs13481905,13,81246254,751.6145639468173
2741,rs3686754,13,81993957,897.4749110936726
2743,rs3669221,13,83876593,751.6145639468173
2744,mCV24625340,13,84841126,677.4585441421801
2753,rs6328703,13,91841957,751.6145639468173
2759,rs13481955,13,96226477,561.464836384195
2765,rs13481964,13,98551175,216.6281310714198
2766,rs6288680,13,99206171,267.6754158452913
2780,D13Mit270,13,105974918,468.97126032779
2788,rs3679406,13,108472544,355.3929148323156
2796,rs13482010,13,111231270,407.2220013381748
2798,rs13482013,13,111811238,817.3348643736697
2802,rs13482018,13,113426472,777.5478189773434
2806,rs3724755,13,116238014,663.7616684222429
2811,rs3657414,13,117326958,222.40370106191034
2813,rs13482033,13,118393790,205.5309619933802
2815,rs13482038,13,120059029,320.34699426202667
2818,rs3710916,14,8852064,421.2814744319507
2820,rs3689508,14,10592844,207.42150079883712
2826,gnf14.013.298,14,20733677,340.46143034942105
2834,rs13482122,14,31832137,571.6430103413654
2837,rs13482129,14,33906433,476.8378536584917
2846,rs6197032,14,40646888,395.4303255123177
2848,rs6314716,14,41430491,485.1352447592824
2850,rs13482156,14,45858402,519.7004742061944
2858,rs13482170,14,49147300,607.8683361271669
2861,rs6278789,14,50409368,412.7214766921123
2870,rs13482193,14,56241527,496.94053407646203
2877,rs3692863,14,59434131,468.25759391895133
2889,rs13482218,14,63105548,116.10108188272103
2891,mCV25372020,14,64180698,36.49844115268682
2893,rs13482225,14,65324729,66.08163338056698
2903,rs3723413,14,71665657,50.496746431792566
2908,rs13482251,14,73363689,34.67206273813544
2914,gnf14.069.419,14,75319187,78.84433312425837
2917,rs13482263,14,78783158,37.06952133573875
2921,rs6352085,14,80081344,13.585252264982397
2923,rs13482270,14,81473748,2.2475852444713675
2927,rs13482276,14,84040443,13.585252264982397
2933,UT_9_81.82101,14,89911437,20.480752458177797
2938,rs13482313,14,94110424,9.430500653272244
2942,gnf14.093.344,14,98076987,6.326302982322687
2947,rs3692362,14,100175288,20.84096465761072
2950,rs13482338,14,101113741,32.321166683790835
2952,rs13482348,14,103964366,7.4314531599069875
2956,rs13482354,14,106286763,1.5708892609289116
2960,rs6410104,14,107620720,6.638600759887716
2962,rs4139535,14,109988359,4.303763968717977
2965,gnf14.109.204,14,114013474,1.510587106505921
2973,CEL-14_110783830,14,118861655,12.420925675070807
2979,rs13482396,14,119710570,109.70060145552972
2982,rs6265743,14,120110881,168.07055963188753
2984,rs3691815,14,120756588,106.29475574214122
2986,CEL-14_116404928,14,124508019,157.46614855044845
2987,rs13459176,15,3229129,737.7644980176095
2992,rs13482420,15,8249030,403.70074422022583
2994,rs13482436,15,12602461,351.95423698926504
3010,rs13482486,15,25661842,154.2582359242154
3014,rs13482498,15,28428133,396.8446208355313
3016,rs3702361,15,28975661,219.03057259039713
3036,rs13482547,15,45108963,613.1085047311625
3044,rs13459191,15,51799442,794.5134797394011
3050,rs3702158,15,56992040,832.7334712847811
3051,rs13482605,15,62052932,857.93442488632
3056,D15Mit63,15,65076746,406.9267911534591
3057,rs3708614,15,67951984,329.9201962849087
3061,rs13482635,15,69276656,258.6545540176785
3072,CEL-15_74419628,15,73962991,200.05961489626011
3074,rs6342608,15,77990182,30.136667481386667
3078,rs4230869,15,79503135,66.61417538929848
3079,rs4230879,15,79746550,110.50153313152626
3083,D15Mit189,15,82471605,56.43456872882256
3085,rs13482677,15,82944825,619.0008738071143
3094,rs13482689,15,86437548,583.5198630105767
3097,rs6405854,15,87307012,546.2598663504474
3098,rs3710055,15,87788314,583.0348735474753
3100,rs3707587,15,87929488,687.3620288513033
3102,rs13482695,15,88301261,785.8742005302141
3108,rs3717268,15,90759412,557.7049277471618
3115,rs13482715,15,92839469,523.5957496124964
3117,CEL-15_93879270,15,93284539,735.6212652243739
3119,rs3657232,15,94145736,785.2424013255578
3121,rs13482723,15,94999572,720.317639451341
3124,rs13482726,15,95780106,860.4276639921147
3125,rs3688273,15,96031091,705.4126810497286
3127,rs3710056,15,97406702,596.6236968022632
3128,rs13482731,15,97591074,332.8620802189075
3131,gnf15.098.211,15,98887561,684.7265829041328
3132,rs3686133,15,102190853,699.4837866682612
3135,rs13482752,15,102995105,880.3690578837807
3137,rs4153199,16,5651738,465.97658229531237
3150,rs4163042,16,13142434,127.63850903974081
3159,rs4165065,16,17412172,107.3165241288524
3160,rs4165069,16,17663456,169.47935165272088
3161,rs4165081,16,19883171,144.5651918445317
3162,rs4165279,16,21323714,139.3743445745934
3164,rs4165287,16,22028919,85.77413044925338
3165,rs4165334,16,23467678,8.037401887656296
3169,rs4165503,16,27062966,0.05699785360866444
3171,rs4165676,16,27498200,3.856369833159214
3186,rs4171932,16,34308446,1.3531679076847114
3192,rs4173858,16,36613089,3.856369833159214
3193,rs4173870,16,36946777,8.159656851311881
3195,rs4151928,16,38377937,21.029828654656406
3204,rs3663871,16,41688007,46.62841681812798
3210,rs4180247,16,45072729,120.14536029272284
3212,rs4186283,16,51051260,117.24441012592638
3217,rs4188505,16,56463020,87.22791832845415
3230,rs4193194,16,61491009,96.06201740910163
3232,rs3693435,16,62269532,55.50106251049121
3234,rs4151935,16,63772941,162.13626363371526
3244,rs4199044,16,69289858,118.86963979837343
3245,rs4199265,16,69802969,247.7295643602746
3247,rs4199410,16,70195004,271.42187906949636
3249,rs3656776,16,73748202,76.1199997026403
3253,rs4205157,16,74917948,63.25725802666154
3257,rs4206648,16,76657843,79.1183909257424
3259,rs4207980,16,78133532,205.32953326878587
3261,rs4209059,16,79253232,234.7581586153941
3267,rs4212088,16,85087449,108.92656720742815
3270,rs4213015,16,86161604,115.15309867342351
3272,rs4213255,16,86457838,181.3078501042471
3274,rs4214924,16,88033028,90.32404611988477
3276,rs4215932,16,88934053,167.79293663428157
3278,rs4216581,16,89533120,103.56878205724398
3280,rs4217061,16,89885518,414.44518664536514
3282,rs4219239,16,91670409,451.94967053875195
3288,rs4220193,16,93855511,751.0699417880513
3290,rs4221305,16,96944468,823.8039740351537
3292,rs3696981,16,97617115,505.44753670535835
3294,rs6310831,17,3227819,378.0300427239082
3296,rs13482842,17,3794554,562.5479327427413
3305,rs13482864,17,9565936,112.53648790645444
3313,rs13482876,17,12243519,82.26166126587904
3314,rs3662820,17,12508088,35.52847346970684
3316,rs6181074,17,16482464,110.88665404904219
3322,rs3023864,17,24331045,212.02376035905056
3326,rs13482930,17,26950947,291.133472229748
3328,rs6397584,17,27588409,317.11917770557346
3329,rs13482934,17,27985170,578.9545715518343
3335,rs13482947,17,31769796,530.9021870431282
3336,rs6242153,17,32068298,560.0184894751982
3345,rs13482981,17,40708059,612.0219894023229
3351,rs13482998,17,44224865,401.6461166428423
3353,D17Mit49,17,45448429,258.1240084676001
3357,rs13483008,17,47865727,417.5162715965533
3362,rs13483015,17,49562369,454.76543231656115
3366,rs13483021,17,50872670,615.4623149811046
3378,CEL-17_50896182,17,52853981,834.2912700204873
3380,rs6272475,17,53622040,652.0637422003532
3381,D17Mit274,17,53677833,361.10936803473896
3384,rs3714819,17,55490262,745.9941162868623
3386,gnf17.058.703,17,57492876,431.9394495771274
3387,mCV22888090,17,63948053,196.4263972001255
3388,D17Mit89,17,63988384,106.36323329619242
3395,rs13483077,17,66785540,37.905392858133716
3402,rs13483086,17,69149198,69.56665231434403
3404,rs3701107,17,70599746,49.00744319176424
3406,rs13483092,17,71350425,42.907733125658964
3408,rs6322076,17,72598864,35.0192999579855
3414,rs13483110,17,76561295,20.02250278186456
3415,rs3656948,17,76865458,59.57744987715466
3418,rs3663088,17,77448215,66.01864152702004
3420,rs6386440,17,78754732,95.0822278897483
3421,gnf17.080.475,17,79560024,166.81749178814715
3423,gnf17.082.284,17,81351601,460.5928090177604
3424,rs13483126,17,81620040,301.9536734866498
3426,mCV23534950,17,82021401,481.21619527057953
3428,rs6263123,17,83797599,517.6288144608211
3432,rs6336971,17,87157410,685.3903493035394
3435,rs3667644,17,89889852,393.7743349965553
3443,rs3711932,17,92100363,338.82820127339994
3446,rs13483183,18,3516539,761.5224545616097
3453,rs4231742,18,11084828,536.6387792098471
3456,rs13483213,18,12709027,777.3762017095781
3459,rs13483221,18,15408257,627.7559729801034
3460,gnf18.012.857,18,15797208,777.3762017095781
3461,rs6358426,18,16573191,317.71654066226745
3469,rs13483254,18,24320392,350.1523005370925
3470,gnf18.021.931,18,24601255,376.6714847577316
3477,rs13483269,18,28455186,291.33801014900945
3478,gnf18.027.000,18,29688176,408.2839391956418
3488,rs8255038,18,34420259,696.1103448223339
3490,rs6163326,18,35972316,573.643986241593
3495,rs13483310,18,38814808,368.1655550596781
3498,rs6393110,18,39202214,295.59737910188323
3500,rs13483314,18,40103728,403.1312138680391
3507,rs6355722,18,45300265,295.59737910188323
3508,CEL-18_46233900,18,45949261,236.44579698231217
3510,rs3716758,18,46435494,525.5580357934108
3513,rs3703039,18,49445983,556.4391149399436
3514,rs13483354,18,50106592,384.24537975323676
3517,rs6240957,18,51178665,516.4920602100666
3522,CEL-18_56957668,18,56618687,719.7879663902874
3524,rs13483377,18,57241644,419.5296934149427
3526,rs13483378,18,57453544,567.3666933110864
3529,rs3713935,18,58625810,609.3268662164955
3530,rs13483407,18,65688991,818.1609445159645
3539,rs6346101,18,68674128,515.3686297985313
3544,rs13483423,18,69689996,665.5840192662502
3546,rs13483426,18,70283358,863.5283306658971
3547,rs13483427,18,70627065,412.4706603032066
3549,gnf18.069.064,18,70944925,642.4037755241734
3553,rs13483437,18,74004343,505.3509965688622
3556,rs13459193,18,74895830,644.3841652449375
3558,rs13483443,18,75843608,860.7210112544054
3561,rs13483446,18,76899559,777.4302860463964
3564,rs3705890,18,77108822,936.0378452685862
3567,rs13483466,18,82409997,321.6149169393066
3568,D18Mit4,18,84295656,77.17276965451647
3570,rs3671719,18,85968792,481.05387609327084
3573,rs13483499,19,3413095,879.4683292367315
3578,mCV25314100,19,4845967,311.6399920974221
3580,rs13483511,19,6542811,292.1470055722807
3582,rs13483513,19,7347679,205.87993768209986
3590,UT_19_10.709331,19,10788814,126.36969429964297
3593,rs3674862,19,12018632,59.26684361784842
3601,rs3704158,19,15041788,102.63240479682466
3602,rs4136257,19,15440659,154.30903288028347
3604,rs13483541,19,15843736,329.5137095451522
3607,rs3686467,19,16955951,494.87565299883795
3610,rs13483549,19,18231112,651.4992212145461
3617,rs13483561,19,21205552,411.6366425328915
3624,rs4232105,19,23240261,323.9450702889296
3626,rs6259521,19,24021292,395.65251249588135
3629,D19Mit40,19,25410811,548.1763586497059
3633,D19Msw029,19,28477768,284.33319770944246
3634,rs13483589,19,30055666,286.2514228963524
3637,rs13459194,19,32123500,386.9432160480953
3642,rs3672117,19,32961544,269.6681748106824
3643,rs13483605,19,35692493,520.19702707345
3654,rs6185741,19,38910192,330.08815044023794
3665,rs13483639,19,44265920,867.8264505230431
3672,rs13483649,19,47218629,824.9558082298191
3676,rs3660360,19,48448365,847.3831268180978
3677,CEL-19_48014568,19,48744594,890.7294050186674
3683,rs13483669,19,52276520,345.86427999829965
3696,rs13483683,19,55602430,477.0408564836528
3700,rs3023497,19,56682124,447.50673161497724
3709,rs6191324,19,59396319,603.5900962648927
3710,rs3658400,19,59530841,841.56594959712
3714,mCV23482939,19,61116699,927.8708889082312
3715,rs6193060,19,61297371,884.0007839576359
3716,rs13483712,20,9129479,853.7189669014845
3718,CEL-X_9031623,20,10277028,421.22829852323406
3719,rs13483724,20,33548079,548.0339146953171
3721,gnfX.026.801,20,39577866,283.2276644136278
3723,rs13483736,20,44681822,171.8403873203109
3727,rs13483748,20,48083751,177.88581472905236
3728,gnfX.035.350,20,48285598,292.50805589785523
3732,rs13483756,20,50304196,303.38986208625266
3736,rs13483766,20,55021542,434.68486147049276
3743,rs13483785,20,61595305,275.2691906064856
3747,rs13483813,20,67347284,556.111341884491
3749,rs3157124,20,68694215,860.6196350700908
3752,DXMit1,20,70273782,234.88200396194304
3756,CEL-X_71438949,20,77128597,317.85547711837285
3760,gnfX.076.619,20,89920839,234.88200396194304
3762,gnfX.086.039,20,99321995,829.3609548372749
3763,CEL-X_93828383,20,99620143,831.5064529093501
3767,CEL-X_106858553,20,112637354,586.8915602629652
3770,rs6387944,20,127009267,452.1459270878175
3774,rs13484003,20,130138456,686.8103137335507
3776,rs13484013,20,132120932,440.07633950424116
3780,gnfX.116.876,20,133125033,495.1302163016677
3784,rs13484030,20,135887117,244.53792247409487
3785,rs13484060,20,143400777,368.5394253844883
3786,DXMit10,20,147758347,486.0204317039101
3787,CEL-X_143438541,20,149985632,537.8177498747674
3790,gnfX.141.820,20,158023554,858.1219852686054
3792,CEL-X_154259201,20,160727280,513.007173945648
3793,rs3657281,20,160951100,343.79857434138916
