gene,gene chr,gene start,gene end,eQTL locus,eQTL chr,eQTL pos,corrected pval,kind
Gin1,1,99666749.0,99690286.0,rs13475993,1,96873867,0.027153459552422425,trans
Ctse,1,133534883.0,133572080.0,rs6263067,1,129064813,0.006176877418690459,trans
BC026585,1,159388711.0,159419191.0,rs13476187,1,156052564,0.012644720665563904,trans
Tmod4,3,94928398.0,94933131.0,rs3672300,3,77716617,9.684803449086723e-05,trans
Dbt,3,116215988.0,116252894.0,rs13477323,3,109396037,0.02997971023247508,trans
Cnn3,3,121129452.0,121160867.0,rs13477364,3,118290074,0.03791124115159624,trans
Sec24d,3,122970414.0,123068553.0,rs13477364,3,118290074,0.0010585516473224157,trans
Cnn3,3,121129452.0,121160867.0,rs3671119,3,126116579,0.011146031875362197,trans
Casp9,4,141349527.0,141371891.0,rs13478002,4,136230564,0.031163375256073073,trans
Padi2,4,140462259.0,140508501.0,rs13478002,4,136230564,0.043424023026941067,trans
Casp9,4,141349527.0,141371891.0,rs6234904,4,138152372,1.195523076211946e-07,trans
Padi2,4,140462259.0,140508501.0,rs6234904,4,138152372,1.3676541684269838e-07,trans
Agtrap,4,147451170.0,147462140.0,rs6316136,4,142959727,5.048477827483862e-10,trans
Fbxo44,4,147526912.0,147534203.0,rs6316136,4,142959727,3.694297966671345e-08,trans
Agtrap,4,147451170.0,147462140.0,rs13478048,4,149683530,0.006597799950500622,trans
Fbxo44,4,147526912.0,147534203.0,rs13478048,4,149683530,0.028812709567030102,trans
Agtrap,4,147451170.0,147462140.0,rs13478063,4,152699720,0.006597799950500622,trans
Fbxo44,4,147526912.0,147534203.0,rs13478063,4,152699720,0.028812709567030102,trans
Zfp68,5,139045844.0,139060989.0,rs3708411,5,136726448,0.01594265616229909,trans
AI428936,7,31099835.0,31104064.0,rs13479163,7,27852866,0.014953618693949372,trans
Sbsn,7,31536581.0,31541152.0,rs13479194,7,37555006,0.017033587079565614,trans
Car11,7,52955213.0,52960052.0,rs6206014,7,47861154,0.0002619631429312304,trans
Nkg7,7,50692508.0,50693616.0,rs6206014,7,47861154,0.001997943479244151,trans
Cnot7,8,41577894.0,41601201.0,rs13479605,8,10521754,0.04197269543345056,trans
Cnot7,8,41577894.0,41601201.0,D8Mit95,8,25604645,0.04197269543345056,trans
Eif4ebp1,8,28370850.0,28385985.0,gnf08.023.320,8,25963094,0.03140325352320833,trans
Gadd45gip1,8,87355421.0,87359381.0,rs3719174,8,83396538,0.03191479415111215,trans
Prdx2,8,87493486.0,87498733.0,rs3719174,8,83396538,0.004673504242152483,trans
C920006O11Rik,9,78023644.0,78027067.0,rs6167970,9,73368886,0.004022226463976512,trans
Anapc13,9,102532093.0,102536571.0,rs6205631,9,105541853,0.020213143390762862,trans
1190007I07Rik,10,82082603.0,82085856.0,CEL-10_71736974,10,71420727,0.0003564749648387266,trans
Trim11,11,58791595.0,58804960.0,gnf11.055.501,11,53734269,0.021760211018267986,trans
Trim11,11,58791595.0,58804960.0,rs13481041,11,56515096,5.302530392975199e-14,trans
Gps2,11,69727390.0,69730093.0,rs3695202,11,64515287,0.03097714412286342,trans
Plscr3,11,69659878.0,69664545.0,rs3695202,11,64515287,0.007009622229393897,trans
Zzef1,11,72609728.0,72740622.0,rs3695202,11,64515287,0.004778690573428477,trans
Zzef1,11,72609728.0,72740622.0,rs3658906,11,68922568,0.004778690573428477,trans
Zzef1,11,72609728.0,72740622.0,rs13481087,11,69415411,3.785124684279946e-05,trans
Gps2,11,69727390.0,69730093.0,rs13481099,11,73923769,0.002676321232472127,trans
C030037D09Rik,11,88579959.0,88590207.0,rs13481128,11,83521936,0.04380548963446625,trans
Zfp125,12,20905683.0,20906728.0,rs13481313,12,14876064,0.04726726178356462,trans
Cyp2j9,4,96235120.0,96258269.0,rs6180964,12,16835276,0.002554089594425188,trans
Zfp125,12,20905683.0,20906728.0,rs6180964,12,16835276,2.7869087828241858e-06,trans
Zfp277,12,41041633.0,41172361.0,gnf12.035.312,12,37595107,4.265541955580133e-07,trans
Cpsf2,12,103214209.0,103243738.0,rs13481611,12,100818237,0.014425438806321066,trans
Diap3,14,87056130.0,87540921.0,rs13482276,14,84040443,7.926972523820623e-06,trans
Diap3,14,87056130.0,87540921.0,UT_9_81.82101,14,89911437,0.00704514920157847,trans
Peg13,15,72636030.0,72640754.0,D15Mit63,15,65076746,6.12944623806472e-06,trans
Gcet2,16,45610536.0,45622980.0,rs3663871,16,41688007,0.007766420155435783,trans
Glo1,17,30729806.0,30749539.0,rs13482934,17,27985170,0.0005338745146409939,trans
Bat5,17,35226239.0,35239698.0,rs13482947,17,31769796,0.013812080147376674,trans
H2-D1,17,35400039.0,35404440.0,rs13482947,17,31769796,0.020316616914900852,trans
H2-Ob,17,34375850.0,34382853.0,rs13482947,17,31769796,0.004818932779593319,trans
Msh5,17,35165550.0,35183567.0,rs13482947,17,31769796,0.002344761575569621,trans
Bat5,17,35226239.0,35239698.0,rs6242153,17,32068298,5.979283304927163e-16,trans
H2-D1,17,35400039.0,35404440.0,rs6242153,17,32068298,4.8581631313489515e-14,trans
H2-DMb1,17,34290136.0,34297174.0,rs6242153,17,32068298,3.260650151855583e-07,trans
H2-DMb2,17,34282258.0,34288498.0,rs6242153,17,32068298,2.7242177496365036e-05,trans
H2-Ea,17,34479878.0,34481588.0,rs6242153,17,32068298,9.875498590383402e-08,trans
H2-K1,17,34132973.0,34137229.0,rs6242153,17,32068298,0.0006831829863064487,trans
H2-Ob,17,34375850.0,34382853.0,rs6242153,17,32068298,2.958811228880864e-10,trans
H2-Q6,17,35561822.0,35565306.0,rs6242153,17,32068298,4.895749085194307e-05,trans
H2-T10,17,36254035.0,36258389.0,rs6242153,17,32068298,1.864056655378334e-06,trans
Msh5,17,35165550.0,35183567.0,rs6242153,17,32068298,3.3543679690891766e-12,trans
Ng23,17,35162922.0,35164861.0,rs6242153,17,32068298,0.0003701240370636507,trans
Psmb9,17,34319044.0,34324275.0,rs6242153,17,32068298,0.0019043877606651004,trans
Ring1,17,34158029.0,34161588.0,rs6242153,17,32068298,1.7114444787759379e-09,trans
Bat5,17,35226239.0,35239698.0,rs13482981,17,40708059,0.02000652541158609,trans
Enpp5,17,44215762.0,44223516.0,rs13482981,17,40708059,0.029511438876135568,trans
H2-D1,17,35400039.0,35404440.0,rs13482981,17,40708059,0.008079460361102707,trans
H2-Ob,17,34375850.0,34382853.0,rs13482981,17,40708059,0.015390511140502768,trans
Msh5,17,35165550.0,35183567.0,rs13482981,17,40708059,0.024147087021970746,trans
Ring1,17,34158029.0,34161588.0,rs13482981,17,40708059,0.005338149909693734,trans
Tjp2,19,24169160.0,24248522.0,rs13483561,19,21205552,1.0334897837412159e-05,trans
Hps1,19,42829595.0,42854468.0,rs13483605,19,35692493,8.078462195738092e-10,trans
Hps1,19,42829595.0,42854468.0,rs13483669,19,52276520,0.004047578276144403,trans
